t,x,y,z,yaw,joy_throttle,joy_steering
0.0,110.96097883011102,4038.7212937471545,140.22352798018807,-1.5608706429275654,-0.0,-0.0
0.02,110.76721591521256,4038.276327099257,140.10765349510675,-1.5624193418826677,-0.0,-0.0
0.04,110.76513173082186,4038.3827697397446,140.07701628329698,-1.5619840805954044,-0.0,-0.0
0.06,110.74046965475766,4038.4351497251273,140.09063032899508,-1.562858977028483,-0.0,-0.0
0.08,110.8030482618775,4038.4557118047055,140.04628149792066,-1.563264031736371,-0.0,-0.0
0.1,110.79557871469669,4038.40535402469,140.02675044280272,-1.562575103100725,-0.0,-0.0
0.12,110.84015078706048,4038.401317164803,139.96477582744495,-1.5631176942242386,-0.0,-0.0
0.14,110.83443005825727,4038.3559527133707,140.000276117851,-1.5628825531268464,-0.0,-0.0
0.16,110.75810002270477,4038.4370027965506,140.0578300267388,-1.5628698440664657,-0.0,-0.0
0.18,110.76055038169149,4038.4588173038246,140.07308666177946,-1.5633513643758628,-0.0,-0.0
0.2,110.78376491063376,4038.4317772082813,140.0908371510573,-1.5638040016478125,-0.0,-0.0
0.22,110.79275924338933,4038.4459691151005,140.03802030505094,-1.5627490158886659,-0.0,-0.0
0.24,110.83606351568909,4038.415523273667,139.98553407575224,-1.5627674820171535,-0.0,-0.0
0.26,110.84323738065784,4038.324862769361,140.01613866745978,-1.562746005602342,-0.0,-0.0
0.28,110.8067097683738,4038.2717278320774,140.07002361768494,-1.5623378505327699,-0.0,-0.0
0.3,110.77875550367195,4038.454297507075,140.00100653014817,-1.563087414795062,-0.0,-0.0
0.32,110.76482010293485,4038.4658067490122,140.041727483588,-1.5633167359132538,-0.0,-0.0
0.34,110.79402616919604,4038.5188564214245,140.08342504243342,-1.5627376264165846,-0.0,-0.0
0.36,110.82276833965267,4038.376654485781,140.04655102742242,-1.5631574475483534,-0.0,-0.0
0.38,110.8721943882132,4038.38458617766,140.0146871805551,-1.5630982506819353,-0.0,-0.0
0.4,110.8387839567869,4038.3517531611383,140.02591082864305,-1.5624369249510373,-0.0,-0.0
0.42,110.75051560099396,4038.4787098948145,140.08499270311074,-1.561710521265783,-0.0,-0.0
0.44,110.74476811770542,4038.4738994989616,140.063900828098,-1.5624128392512613,-0.0,-0.0
0.46,110.74075440480821,4038.4637865402074,140.04224755538309,-1.5631377728628693,-0.0,-0.0
0.48,110.8301786005838,4038.393398049913,140.05494065375873,-1.5627907331993585,-0.0,-0.0
0.5,110.8331232349476,4038.40311549015,139.9727526337543,-1.5632578768392498,-0.0,-0.0
0.52,110.84589198723805,4038.3586252600826,140.05381962478026,-1.5624432444153857,-0.0,-0.0
0.54,110.78533797212428,4038.2902063384527,140.0754030589113,-1.562201549641529,-0.0,-0.0
0.56,110.78069282648191,4038.4249239213627,140.03325649457759,-1.5634811331493517,-0.0,-0.0
0.58,110.78058349616018,4038.435304280546,140.07721350666642,-1.5634148974503705,-0.0,-0.0
0.6,110.81000985457244,4038.4027525183774,140.03314592447492,-1.5631374683503996,-0.0,-0.0
0.62,110.8163808285235,4038.4169210433106,140.02822002799755,-1.562612229584952,-0.0,-0.0
0.64,110.88982088044826,4038.3750744570275,139.9755757240926,-1.5629171145530674,-0.0,-0.0
0.66,110.87976561071304,4038.3778355288396,139.96501997097826,-1.5625231037041454,-0.0,-0.0
0.68,110.79465853234578,4038.302012775237,140.05645827308055,-1.5625339314859839,-0.0,-0.0
0.7000000000000001,110.89042689797965,4038.3739144811025,139.88226664221187,-1.563402426664877,-0.0,-0.0
0.72,110.79546852239599,4038.515307647597,140.0148735784328,-1.5628429210217252,-0.0,-0.0
0.74,110.81390469463582,4038.4505169764075,140.0211206160053,-1.562845002015003,-0.0,-0.0
0.76,110.84273985088241,4038.388312344033,140.01890657910155,-1.5635114002705934,-0.0,-0.0
0.78,110.85481007534455,4038.328527507037,140.0429313699817,-1.5624222614185406,-0.0,-0.0
0.8,110.79695177014938,4038.367647046112,140.0642907123192,-1.5617682352602809,-0.0,-0.0
0.8200000000000001,110.7703600828738,4038.4287596539384,140.022549358835,-1.5625646518571745,-0.0,-0.0
0.84,110.7869060078213,4038.4551322229518,140.06287201084032,-1.5633047725830564,-0.0,-0.0
0.86,110.78766945067098,4038.4693751995337,140.05517107616302,-1.5633513857925405,-0.0,-0.0
0.88,110.89545348748322,4038.4569178769198,139.94151566058727,-1.5628184853526923,-0.0,-0.0
0.9,111.05792825722473,4038.4931006336296,139.6548799559356,-1.5639114504693836,-0.0,-0.0
0.92,110.83475182719124,4038.4923955312142,140.0499117790181,-1.5619049103299991,-0.0,-0.0
0.9400000000000001,110.8091005822912,4038.369567560701,140.03641951110245,-1.5624033588810773,-0.0,-0.0
0.96,110.79834061944955,4038.3593351941868,140.01205922922423,-1.5626115925792452,-0.0,-0.0
0.98,110.83052903776226,4038.4331082287836,140.04003895732973,-1.5630166040049995,-0.0,-0.0
1.0,110.81483673099116,4038.4102182556167,140.03569428446949,-1.5625436574692828,-0.0,-0.0
1.02,110.84248985903993,4038.455837622665,140.0221600138643,-1.562224307115397,-0.0,-0.0
1.04,110.88899638620343,4038.3664268674434,139.97906792219612,-1.562560199692514,-0.0,-0.0
1.06,110.82917436606299,4038.313057839267,140.05209141064435,-1.5625730005248162,-0.0,-0.0
1.08,110.77928129427148,4038.4715685156034,139.99965421404653,-1.5630486098900065,-0.0,-0.0
1.1,110.767580206159,4038.4339939719016,140.0281733626415,-1.5634988964141818,-0.0,-0.0
1.12,110.79685173170934,4038.4362169940823,140.02293883451762,-1.5626581362498198,-0.0,-0.0
1.1400000000000001,110.88482431442078,4038.502511963669,139.9980294046668,-1.5624040849910292,-0.0,-0.0
1.16,111.10361303855933,4038.4985996127984,139.65369325271732,-1.5637569804881877,-0.0,-0.0
1.18,110.82353383886765,4038.3233007378158,140.04808001320063,-1.5624133823236661,-0.0,-0.0
1.2,110.77621890675353,4038.3077730566674,140.05039074648352,-1.5620789146375758,-0.0,-0.0
1.22,110.78899837818891,4038.356104875362,140.01682787053582,-1.5622588276720346,-0.0,-0.0
1.24,110.79644616278539,4038.521110767617,140.03233393703593,-1.5629116316159004,-0.0,-0.0
1.26,110.84308554987157,4038.419804892138,140.01443634778073,-1.5628454506141944,-0.0,-0.0
1.28,110.83527703381415,4038.389196223282,140.0067163410685,-1.562611991881405,-0.0,-0.0
1.3,110.89789796830082,4038.3457490888204,139.97622016379916,-1.5623899350891346,-0.0,-0.0
1.32,110.83327201483314,4038.321558640494,140.0096095712877,-1.5620790603538224,-0.0,-0.0
1.34,110.79497362643657,4038.352413280357,140.0935295163364,-1.5621201094962571,-0.0,-0.0
1.36,110.81055034952867,4038.520746987308,140.04097909456036,-1.5632077333458778,-0.0,-0.0
1.3800000000000001,110.83300167032671,4038.38688232868,140.09082930904924,-1.5631245097628397,-0.0,-0.0
1.4000000000000001,110.8408391660838,4038.411512335372,140.0207779707446,-1.5629040967430148,-0.0,-0.0
1.42,110.86330887941556,4038.4024151272943,139.94322948363325,-1.56259547529967,-0.0,-0.0
1.44,110.85252364780916,4038.357405240624,140.0032643977644,-1.5624789757862705,-0.0,-0.0
1.46,110.79857718718863,4038.2833967232923,140.04521633374236,-1.5630385695911695,-0.0,-0.0
1.48,110.77147236420981,4038.512616437488,139.994946446422,-1.5630449282217802,-0.0,-0.0
1.5,110.80561435640881,4038.4713979006015,140.03800799908345,-1.5633743691575768,-0.0,-0.0
1.52,110.83781746807159,4038.4041282091157,140.04321910085613,-1.5630468087802878,-0.0,-0.0
1.54,110.90212059308314,4038.482291023751,140.0382088084056,-1.5621205480618903,-0.0,-0.0
1.56,110.87832002974862,4038.3828873508232,139.96639314323482,-1.562875828537551,-0.0,-0.0
1.58,110.85103460630508,4038.3596437361007,140.03586700013872,-1.562119858177689,-0.0,-0.0
1.6,110.83685825976987,4038.4046983587373,140.0699007923278,-1.5614224128943763,-0.0,-0.0
1.62,110.79250621075786,4038.487694072959,140.05538346302234,-1.5640130962050622,-0.0,-0.0
1.6400000000000001,110.81037780670863,4038.5326508516287,140.08314962981828,-1.5622057198251644,-0.0,-0.0
1.6600000000000001,110.8349679977757,4038.459125726141,139.99489052522893,-1.5625540310832884,-0.0,-0.0
1.68,110.85373838419264,4038.4146138072265,139.95308364006956,-1.562568385542881,-0.0,-0.0
1.7,110.86352460016391,4038.489820041554,139.99100386363637,-1.5618213133556202,-0.0,-0.0
1.72,110.78264718529202,4038.307343251885,140.0344829498561,-1.5624280948383558,-0.0,-0.0
1.74,110.78632347149302,4038.319898396632,140.02870859525856,-1.5629220711449805,-0.0,-0.0
1.76,110.80131331361368,4038.468422551299,140.026267360147,-1.5633627943975905,-0.0,-0.0
1.78,110.83647831764623,4038.429770944583,140.00523176962042,-1.5626295016196403,-0.0,-0.0
1.8,110.83294506037855,4038.390552096547,139.9712828745351,-1.5626119568761612,-0.0,-0.0
1.82,110.84822932642263,4038.422866723318,139.96888418198992,-1.562490088026555,-0.0,-0.0
1.84,110.86383545720112,4038.4434099240825,140.0281975544133,-1.5623914703120598,-0.0,-0.0
1.86,110.8794415879796,4038.463953124847,140.0875109268367,-1.5622928525975643,-0.0,-0.0
1.8800000000000001,110.75237594212726,4038.506918060012,139.98363735404493,-1.5630180521985435,-0.0,-0.0
1.9000000000000001,110.7641435156982,4038.4155575917766,140.01961921795757,-1.5627292927764713,-0.0,-0.0
1.92,111.04827168818319,4038.5089488299186,139.63457865731195,-1.5634574927332803,-0.0,-0.0
1.94,110.81407667833884,4038.3765337513214,139.94263021303664,-1.5628204086108777,-0.0,-0.0
1.96,110.8076451599782,4038.330256004338,139.96222159201932,-1.5620861728873356,-0.0,-0.0
1.98,110.78171220531787,4038.2836729303103,140.03480585278223,-1.5621345079877678,-0.0,-0.0
2.0,110.76507831524101,4038.434735275258,139.98404243581274,-1.5631447175072848,-0.0,-0.0
2.02,110.77335456282988,4038.438638280992,140.0076591925062,-1.563132949912485,-0.0,-0.0
2.04,111.0349914344402,4038.5510454394694,139.64906836749086,-1.5633976004160468,-0.0,-0.0
2.06,110.85557107493541,4038.4465936695333,139.92081848608012,-1.562554872236284,-0.0,-0.0
2.08,110.86838193516013,4038.4398970667694,139.94551264637366,-1.5629714448106347,-0.0,-0.0
2.1,110.78764414302223,4038.3369584304137,140.04250551446282,-1.562014326455616,-0.0,-0.0
2.12,110.78005340872441,4038.3243694581106,140.03428263348883,-1.5623997928705384,-0.0,-0.0
2.14,110.77958212267694,4038.4791007349577,140.0476641706424,-1.563484373661679,-0.0,-0.0
2.16,110.77998216002965,4038.5605400318027,140.01431469836578,-1.5628475932860522,-0.0,-0.0
2.18,110.82518944954778,4038.468559546095,139.979991810343,-1.5627349940831146,-0.0,-0.0
2.2,110.84377263741857,4038.451199903539,139.94383637899958,-1.5630663025147769,-0.0,-0.0
2.22,110.81618053909679,4038.5991733164183,139.95418797609926,-1.5613958844323033,-0.0,-0.0
2.24,110.80213808293519,4038.3428834029987,140.016431352027,-1.5623353900879555,-0.0,-0.0
2.2600000000000002,110.75248365064418,4038.449380236275,140.00898670691424,-1.5632419367265409,-0.0,-0.0
2.2800000000000002,110.77045442436366,4038.483945394156,140.01078028198435,-1.5629837226159706,-0.0,-0.0
2.3000000000000003,110.76059938692556,4038.398359696312,140.01624410045164,-1.562876322820753,-0.0,-0.0
2.32,110.83040283639757,4038.434987482371,139.9521582281051,-1.5623929722106467,-0.0,-0.0
2.34,110.84789262275139,4038.4610175815824,139.9030700890223,-1.5627002222740871,-0.0,-0.0
2.36,110.80202043073372,4038.3258535267105,140.03422593683032,-1.5623918935497982,-0.0,-0.0
2.38,110.74837451313078,4038.391107800389,140.0061784725298,-1.5623191545334827,-0.0,-0.0
2.4,110.76220638245704,4038.5060956871284,140.02956058297818,-1.5634011825255247,-0.0,-0.0
2.42,110.76961993015215,4038.5226307714534,140.01983228139696,-1.562921682719007,-0.0,-0.0
2.44,110.79380561446551,4038.4538035920827,139.9770017991203,-1.5629297130637374,-0.0,-0.0
2.46,110.78557352926273,4038.442037843694,139.97072235167957,-1.5629692564156108,-0.0,-0.0
2.48,110.78289999516991,4038.352152787293,140.0606337971677,-1.5620542823776384,-0.0,-0.0
2.5,110.76395561711132,4038.2911600424077,140.07180716343524,-1.5621045406202039,-0.0,-0.0
2.52,110.82329694928406,4038.6917813262917,140.13987262647925,-1.561636783314604,-0.0,-0.0
2.54,110.97963078609226,4038.63199124641,139.69049832632274,-1.5640636839106052,-0.0,-0.0
2.56,110.77250711975576,4038.491374586069,140.035740370645,-1.5628072050844102,-0.0,-0.0
2.58,110.80163966688572,4038.4818704564145,139.93334089327402,-1.562635430971859,-0.0,-0.0
2.6,110.84476563877334,4038.500534376358,139.91414332015975,-1.5628511914514114,-0.0,-0.0
2.62,110.74013324277095,4038.400324505178,139.9964621842124,-1.562169435851541,-0.0,-0.0
2.64,110.72027245996759,4038.536676210121,140.02896677569083,-1.5617781006938052,-0.0,-0.0
2.66,110.71613484865308,4038.556714350465,140.07270826408217,-1.5627535275405655,-0.0,-0.0
2.68,110.76990059269194,4038.487453973435,140.08672376560074,-1.563006490940231,-0.0,-0.0
2.7,110.76287036801162,4038.567680750419,140.0555060282499,-1.5616044005589582,-0.0,-0.0
2.72,110.82613702071946,4038.4150893832875,139.9909007039252,-1.5632236348798838,-0.0,-0.0
2.74,110.80545362615143,4038.3674934131072,140.03104998090546,-1.5627434418656376,-0.0,-0.0
2.7600000000000002,110.76330811505893,4038.3172010585467,140.08305049689713,-1.5624696704149987,-0.0,-0.0
2.7800000000000002,110.75703797628948,4038.321607679335,140.06189328692125,-1.5623706073623036,-0.0,-0.0
2.8000000000000003,110.74047177218263,4038.3699569263304,140.01711894692548,-1.5624909052437082,-0.0,-0.0
2.82,110.88448509283282,4038.515408522849,139.84990818044864,-1.5634242395017293,-0.0,-0.0
2.84,110.78625961472768,4038.3688940689344,140.0144879744902,-1.5625079576540042,-0.0,-0.0
2.86,110.79844951928548,4038.363132908763,139.9909170600443,-1.5624148551728863,-0.0,-0.0
2.88,110.79449329027554,4038.264732788589,140.09959480044049,-1.5624341097962315,-0.0,-0.0
2.9,110.75552036238226,4038.298149456833,140.07424461493727,-1.5619916854705107,-0.0,-0.0
2.92,110.90708790107568,4038.5625797135585,139.80549576647297,-1.5639600239733313,-0.0,-0.0
2.94,110.78097034800332,4038.484549622766,140.0405104636805,-1.5632461175189867,-0.0,-0.0
2.96,110.94972691651981,4038.4948530831393,139.79658541501328,-1.5631398705153154,-0.0,-0.0
2.98,110.7766950106389,4038.4038965388277,140.01074293180378,-1.5622002708852392,-0.0,-0.0
3.0,110.86780506831461,4038.3996095603206,139.963908532289,-1.5629785765173019,-0.0,-0.0
3.02,110.8584955718525,4038.4011730845677,140.23886678308756,-1.5624527368051249,-0.0,-0.0
3.04,110.76585734430029,4038.414167267972,140.09846634644052,-1.5616262686473077,-0.0,-0.0
3.06,110.75846291584205,4038.576952487427,140.05360660010084,-1.5625944942953776,-0.0,-0.0
3.08,110.86694184857524,4038.520925106772,140.15020120205895,-1.5627344463628337,-0.0,-0.0
3.1,110.81223482925772,4038.416144645814,139.9853719206998,-1.5624425912874693,-0.0,-0.0
3.12,110.83889896155668,4038.423986970717,139.9368082653872,-1.5623767025522608,-0.0,-0.0
3.14,110.83985722490634,4038.407843574251,139.98185745706965,-1.5626898463410974,-0.0,-0.0
3.16,110.7762428229791,4038.3503839491327,140.0126534637289,-1.5622680708828538,-0.0,-0.0
3.18,110.74173819287456,4038.5111921486173,140.03559749821494,-1.5628694030515213,-0.0,-0.0
3.2,110.76396653601032,4038.502626806264,140.01432473317809,-1.562915625623635,-0.0,-0.0
3.22,110.80748216584333,4038.438628758248,140.0312541447117,-1.5623978340963356,-0.0,-0.0
3.24,110.82366620582106,4038.4284915053504,139.9863893604959,-1.5625371620222632,-0.0,-0.0
3.2600000000000002,110.8571456482895,4038.377729482271,139.97449208453278,-1.5628590767465356,-0.0,-0.0
3.2800000000000002,110.78082754169039,4038.36752157128,140.04813040038195,-1.56294179518969,-0.0,-0.0
3.3000000000000003,110.77891302182331,4038.3532718037795,140.03020853083862,-1.5627902966923972,-0.0,-0.0
3.3200000000000003,110.74331716896884,4038.49377835463,140.02657049319893,-1.5630874403625334,-0.0,-0.0
3.34,110.92769626684012,4038.543292611253,139.81793082632186,-1.5633888570507977,-0.0,-0.0
3.36,110.80863071583751,4038.4118417970117,139.97823919717484,-1.5626575237938198,-0.0,-0.0
3.38,110.87303186014864,4038.4423907314263,140.05331190367772,-1.562990944181213,-0.0,-0.0
3.4,110.79406216124282,4038.3926116621906,140.07987181012822,-1.5609266097760552,-0.0,-0.0
3.42,110.7921527723249,4038.345509751442,140.0600291513596,-1.5620644150891312,-0.0,-0.0
3.44,110.77992274688337,4038.4728412160525,140.05954406762535,-1.56374367111227,-0.0,-0.0
3.46,110.9926140013294,4038.583821199035,139.73485162412854,-1.563934818759833,-0.0,-0.0
3.48,110.79508869551299,4038.4267648998784,140.04472879147434,-1.562903105904801,-0.0,-0.0
3.5,110.8114812790026,4038.343188725834,139.9789970746844,-1.5631839134391994,-0.0,-0.0
3.52,110.8771244054102,4038.354222093768,139.9811170774195,-1.56274918340029,-0.0,-0.0
3.54,110.89691213013371,4038.375329785363,139.87920617751865,-1.5624739054142611,-0.0,-0.0
3.56,111.00014540056323,4038.3917891406877,139.72210075081605,-1.5631624415366454,-0.0,-0.0
3.58,110.8802487879282,4038.6388144547145,139.77834458937508,-1.5640303547349939,-0.0,-0.0
3.6,110.94782326608059,4038.669254366349,139.7232802859615,-1.5627070878240483,-0.0,-0.0
3.62,110.80055866656842,4038.4114047612134,140.0120533347696,-1.5630227184216634,-0.0,-0.0
3.64,110.80571831311238,4038.467530493186,139.99670307124867,-1.5624223179201706,-0.0,-0.0
3.66,110.76781566187826,4038.3104503513605,140.04885383590798,-1.562339648876317,-0.0,-0.0
3.68,110.76680746099935,4038.2774953877433,140.0636356614118,-1.562298782448495,-0.0,-0.0
3.7,110.74092028903056,4038.6068779662996,140.10838471349084,-1.5620295696328712,-0.0,-0.0
3.72,110.77885751886504,4038.4821343325916,140.08220689256834,-1.5631285509842556,-0.0,-0.0
3.74,110.78679580319397,4038.4072601166877,140.0677871074948,-1.5628908929598673,-0.0,-0.0
3.7600000000000002,110.82628434097367,4038.4120294234576,140.06202087808686,-1.5628175091530612,-0.0,-0.0
3.7800000000000002,111.06624744948259,4038.62055335077,139.63032444541315,-1.5622139078377293,-0.0,-0.0
3.8000000000000003,110.73735029862112,4038.3314025710533,140.04445240160658,-1.5620252718146126,-0.0,-0.0
3.8200000000000003,110.73402828907508,4038.454356360949,140.00297542137577,-1.5629194337310761,-0.0,-0.0
3.84,110.70311097000751,4038.461494974376,140.0582449027146,-1.5631952812340586,-0.0,-0.0
3.86,110.77786053394199,4038.4485724760157,140.04212757225204,-1.5626822141405448,-0.0,-0.0
3.88,110.80648334038383,4038.500866797671,140.01051132920836,-1.5619657205728954,-0.0,-0.0
3.9,110.83337993703218,4038.459152107366,139.96804817614338,-1.5627030453007567,-0.0,-0.0
3.92,110.82183439540242,4038.4533729762857,139.98573786494237,-1.5625393793602207,-0.0,-0.0
3.94,110.81028885377268,4038.4475938452056,140.00342755374135,-1.5623757134196847,-0.0,-0.0
3.96,110.76117082898116,4038.4692111584036,140.04063042156872,-1.5634827843487378,-0.0,-0.0
3.98,110.92596115758549,4038.5627615073277,139.79925289148903,-1.5636538352922476,-0.0,-0.0
4.0,110.90139577006606,4038.5053402091544,139.9455149106974,-1.5632359116199102,-0.0,-0.0
4.0200000000000005,110.8293299413558,4038.395376715861,139.99137173812485,-1.562694194031839,-0.0,-0.0
4.04,110.82249578655609,4038.3702313732574,140.0030081335213,-1.5633507803664513,-0.0,-0.0
4.0600000000000005,110.7664261574788,4038.3083569428545,140.06976767147765,-1.5621161582934444,-0.0,-0.0
4.08,110.74990467752693,4038.467368272865,140.0694716796864,-1.5636364854057094,-0.0,-0.0
4.1,110.73029550744991,4038.6050578914683,140.0917638554968,-1.5624032444231002,-0.0,-0.0
4.12,110.79952305499914,4038.5795455443404,140.00623251713267,-1.561732365647634,0.1496579498052597,-0.0
4.14,110.77681608680997,4038.4066528097424,140.00130995194147,-1.56235700986957,0.7771185040473938,-0.0
4.16,110.82599620186691,4038.424845231417,139.93564978387911,-1.5625459333667406,1.0,-0.0
4.18,110.87806961180272,4038.350957399154,139.87884147881812,-1.5626029868011908,1.0,-0.0
4.2,110.7503130224231,4038.3062397254116,140.06243166221947,-1.5624206496546706,1.0,-0.0
4.22,110.74289890960522,4038.493212344366,140.04393082962952,-1.563338391541058,1.0,-0.0
4.24,110.75762398123628,4038.5069143212236,140.02779745807092,-1.5630721771902392,1.0,-0.0
4.26,110.73541863498839,4038.5257617689776,140.06265620326496,-1.5618915482178728,1.0,-0.0
4.28,110.75367773866905,4038.4230176415317,140.03016833498612,-1.5617910332142013,1.0,-0.0
4.3,110.74529800558729,4038.203785365057,140.02211512451632,-1.562295777460583,1.0,-0.0
4.32,110.66413323629254,4034.825818865781,140.23005606467245,-1.5617259855076289,1.0,-0.0
4.34,110.66374543436551,4034.0964281665647,140.21246933610166,-1.5615046639605878,1.0,-0.0
4.36,110.57406232289645,4028.4887037555577,140.46962132597366,-1.562350334702935,1.0,-0.0
4.38,110.76078838695435,4024.7022696894605,140.34453577551162,-1.5624795585614264,1.0,-0.0
4.4,110.74431000350384,4023.1972921242227,140.64520690872897,-1.5620049143532984,1.0,-0.0
4.42,110.75329007072934,4017.033740156643,140.58687519680194,-1.5601519484803932,1.0,-0.0
4.44,110.76007051701839,4015.946214643795,140.5984743949419,-1.5601531644375592,1.0,-0.0
4.46,110.62296594635195,4004.795438373236,140.84022277532026,-1.5601817323678535,1.0,-0.0
4.48,110.70904374234186,3992.213042602983,140.77441473494366,-1.5608854356943467,1.0,-0.0
4.5,110.76796568903903,3988.6353171224678,140.81073550180707,-1.560453064383491,1.0,-0.0
4.5200000000000005,110.76424156757635,3978.6208938905133,141.01557417428398,-1.55905583734286,1.0,-0.0
4.54,110.78990327099778,3975.0005929525255,141.0435723598818,-1.5587939292073083,1.0,-0.0
4.5600000000000005,110.77515590378545,3962.2929659330284,141.2395634394041,-1.556663641204618,1.0,-0.0
4.58,110.60907289366942,3953.7318943097457,141.1801588820895,-1.558663813207872,1.0,-0.0
4.6000000000000005,110.59668444369532,3943.0990239358694,141.0178787656846,-1.558904754086384,1.0,-0.0
4.62,110.50431161234644,3939.0415565529524,141.13142125463173,-1.5584910608638476,1.0,-0.0
4.64,110.54296962065588,3927.844552578754,141.15075821069559,-1.5575848421401772,1.0,-0.0
4.66,110.59054333496746,3924.8442109895345,141.15963521771602,-1.557716867254413,1.0,-0.0
4.68,110.71198970774329,3908.392131083095,141.04063353748745,-1.5571560526009736,1.0,-0.0
4.7,110.61188586038742,3896.273172292978,141.2463459388855,-1.5569770679388029,1.0,-0.0
4.72,110.54149228880078,3891.4089486485846,141.4090419412088,-1.5567201035557852,1.0,-0.0
4.74,110.0841913129899,3879.2277735919192,141.8874931907242,-1.5591108210500737,1.0,-0.0
4.76,110.74812090494089,3867.1664073020575,141.17370713460087,-1.5570832373061427,1.0,-0.0
4.78,110.85176273175458,3862.7910406789383,141.07496424781476,-1.5564731864964392,1.0,-0.0
4.8,110.92007867975502,3850.2141571793572,141.02125344811074,-1.5556795536902581,1.0,-0.0
4.82,110.91653158671507,3839.6927359978954,141.0043397759516,-1.5559340095979128,1.0,-0.0
4.84,110.93548745886581,3837.5272011937163,140.96546423890592,-1.556084707751278,1.0,-0.0
4.86,110.6087413064789,3814.3437014341343,141.27770155956307,-1.557172882139587,1.0,-0.0
4.88,110.54075157588213,3808.7587696976475,141.3197472656921,-1.5569166136054353,1.0,-0.0
4.9,110.69534317011906,3797.6833313740626,141.53213009352632,-1.5562734719643383,1.0,-0.0
4.92,110.79419942493854,3784.4710027823303,141.3867534317908,-1.5551928681786893,1.0,-0.0
4.94,110.70397871443355,3775.980791381152,141.44341218649643,-1.5560482922382768,1.0,-0.0
4.96,110.60765798463996,3764.114591413662,141.47748404043367,-1.5557544592257864,1.0,-0.0
4.98,110.70063083346969,3755.9763438312307,141.24114100361203,-1.5551854622306787,1.0,-0.0
5.0,110.79281820942947,3744.555829237094,141.11138663145306,-1.556049602971471,1.0,-0.0
5.0200000000000005,110.74742479190306,3733.0286005561607,140.96740441076383,-1.5554422728294492,1.0,-0.0
5.04,110.6801701701447,3726.0777877708297,141.01444194478677,-1.5553241106601996,1.0,-0.0
5.0600000000000005,110.56217156632987,3707.963183260003,141.40863744932108,-1.5550852286146177,1.0,-0.0
5.08,110.44615825605048,3700.4144169391498,141.60773013441724,-1.5541341169402092,1.0,-0.0
5.1000000000000005,110.43870222815502,3689.4266434688734,141.57757138922756,-1.5535730954826,1.0,-0.0
5.12,110.41972890837219,3676.2064051444477,141.47587577884389,-1.555411756956677,1.0,-0.0
5.14,110.61959749379243,3664.808439376669,141.6258561514479,-1.555688902014259,1.0,-0.0
5.16,110.70816741382184,3661.36224779005,141.5928112529663,-1.5543734303710788,1.0,-0.0
5.18,110.54972264051713,3643.277610280514,141.5912485739593,-1.551725881344043,1.0,-0.0
5.2,110.49598515438421,3640.107930059776,141.5235315298438,-1.5517908382035435,1.0,-0.0
5.22,110.29275008607566,3622.30071887948,141.7398086572435,-1.55262154090636,1.0,-0.0
5.24,110.28036462955185,3618.5054518672073,141.82787792956455,-1.5526070127428508,1.0,-0.0
5.26,110.24351240214025,3609.109070074793,141.84729154098247,-1.5520415254297173,1.0,-0.0
5.28,110.39450082438897,3589.2603712275745,141.96116066185894,-1.5518170078891176,1.0,-0.0
5.3,110.38167751911224,3585.2965298165805,142.02031623664948,-1.5515887913466768,1.0,-0.0
5.32,110.55301359882137,3569.315713236325,141.90965932554002,-1.5523151877229904,1.0,-0.0
5.34,110.2420487657642,3562.6500894314213,141.89895229303812,-1.555602645941366,1.0,-0.0
5.36,110.84513735995482,3553.4716225454927,141.47668172250823,-1.5512614871138592,1.0,-0.0
5.38,110.86606411187502,3536.455296146266,141.5914137942135,-1.551561628544845,1.0,-0.0
5.4,110.84099507819509,3532.0710817070617,141.64686574637176,-1.5517905133810428,1.0,-0.0
5.42,110.83101238852657,3517.34403256598,141.5993509650701,-1.552194767531209,1.0,-0.0
5.44,110.78773443504788,3505.3336614878954,141.79430381958426,-1.5507066304689305,1.0,-0.0
5.46,110.9482160859463,3494.372844372982,141.87522751866163,-1.5509727483339295,1.0,-0.0
5.48,115.93868457940259,3482.0707926271507,134.969041783036,-1.5480755021021506,1.0,-0.0
5.5,115.94139174806097,3473.791668282106,134.8148601074864,-1.5484205277370147,1.0,-0.0
5.5200000000000005,115.82259174913396,3461.934484835512,134.87994180031924,-1.5487341332151077,1.0,-0.0
5.54,115.91865999333511,3448.434566321959,134.95583262118535,-1.549065364191826,1.0,-0.0
5.5600000000000005,112.70845583319314,3444.0667274949324,139.56305518999568,-1.5510089734410173,1.0,-0.0
5.58,115.49662843192667,3426.1252334494325,135.39739908598858,-1.5510459050059513,1.0,-0.0
5.6000000000000005,116.14028198399768,3422.0565906806114,134.6013394584903,-1.551134268262261,1.0,-0.0
5.62,116.10657515878562,3412.446629311383,134.71317967371087,-1.5507966765077068,1.0,-0.0
5.64,115.90866426036116,3395.079860656807,134.98753894172725,-1.5505138026756404,1.0,-0.0
5.66,115.94647634702768,3388.798238281779,135.1026461739222,-1.5502008696894587,1.0,-0.0
5.68,116.23307377097217,3370.7155670326597,134.9189828558975,-1.5499569263580806,1.0,-0.0
5.7,116.25532092160735,3366.0152421515068,134.93615761309164,-1.5500404605625453,1.0,-0.0
5.72,116.43713309118421,3352.2626700521614,134.97913908141092,-1.550339374634676,1.0,-0.0
5.74,116.29678399622138,3337.2370413212543,135.2014763230674,-1.5493848532780738,1.0,-0.0
5.76,116.1878519524353,3333.339215460667,135.19747793885588,-1.5497799167729789,1.0,-0.0
5.78,111.00578704291993,3324.4314837007637,142.2454300634562,-1.5486436430699162,1.0,-0.0
5.8,110.84740629797511,3308.724136130981,142.51291522799153,-1.550265939971332,1.0,-0.0
5.82,111.03200455428038,3297.5684923410527,142.41157714559395,-1.5489814524224408,1.0,-0.0
5.84,111.13814074062195,3287.6653162261027,142.42766737875561,-1.5478338359049832,1.0,-0.0
5.86,111.4172041112551,3274.022616446647,142.25689991919083,-1.5453501900567568,1.0,-0.0
5.88,114.42758086102052,3269.3778040015113,137.94031210744762,-1.5469583545639451,1.0,-0.0
5.9,116.34977929327937,3255.2865704679425,135.18438369294998,-1.5492806457540405,1.0,-0.0
5.92,116.4659807950072,3252.0375239526556,135.15841191718738,-1.5494071297252074,1.0,-0.0
5.94,116.81400632034504,3233.161605492111,134.89501661757708,-1.54915928955331,1.0,-0.0
5.96,116.86064202251927,3221.0041622361077,134.9548469719926,-1.5489218086700214,1.0,-0.0
5.98,116.82659217864739,3214.8975713313484,134.92262039974656,-1.5488184329082324,1.0,-0.0
6.0,116.7400135130563,3196.751044534563,134.93633375202168,-1.5492923154235174,1.0,-0.0
6.0200000000000005,116.7036567617529,3192.08013327304,135.0895151081219,-1.5492774575016794,1.0,-0.0
6.04,116.9137343360379,3178.385773504423,135.3874695535926,-1.5496607332676038,1.0,-0.0
6.0600000000000005,116.98771000786523,3165.0969769145686,134.98584994973152,-1.5496217277315678,1.0,-0.0
6.08,117.0473341147195,3158.8179880396024,134.91251986438823,-1.5495445997975288,1.0,-0.0
6.1000000000000005,117.06278625696629,3144.6518202294474,135.05381661609536,-1.5498734467800577,1.0,-0.0
6.12,117.07254990648065,3130.919732676205,135.06721519054017,-1.5502612348378706,1.0,-0.0
6.140000000000001,117.12613700704267,3127.225101943912,135.01185360764157,-1.550537400749732,1.0,-0.0
6.16,117.25812674719953,3112.9936885852535,134.9548043906615,-1.5506068426828359,1.0,-0.0
6.18,117.27304434374537,3110.1176688713012,134.94135316845092,-1.5507738802042765,1.0,-0.0
6.2,117.14060871287485,3088.133895059707,135.02406907419933,-1.549909312676356,1.0,-0.0
6.22,117.17702908242666,3075.804520054791,135.22722539928307,-1.550059465422768,1.0,-0.0
6.24,117.29555762991383,3063.8772185246407,135.0537824211111,-1.5503916656266097,1.0,-0.0
6.26,117.36705377869266,3057.2717132384632,135.00135653056637,-1.5502877637238823,1.0,-0.0
6.28,117.38614256404034,3053.967982197309,134.98551440201132,-1.5503683546727038,1.0,-0.0
6.3,117.57505366064912,3043.8169077010434,135.13420097019073,-1.5510405209892009,1.0,-0.0
6.32,117.54765960826406,3021.532630977533,135.4034927997815,-1.549512948677777,1.0,-0.0
6.34,117.39982263601038,3016.9050533647196,135.31202818428937,-1.5493639718404022,1.0,-0.0
6.36,117.33329949522587,3002.6429578340426,135.23309958216,-1.5491843201525037,1.0,-0.0
6.38,117.33454495916412,3000.1701960358046,135.26067993589407,-1.5493752527132687,1.0,-0.0
6.4,117.41615109213721,2980.482697783997,135.36908521075551,-1.5494968345072584,1.0,-0.0
6.42,117.54067085448978,2970.5379500634235,135.26685918130332,-1.5496548034925168,1.0,-0.0
6.44,117.6357541190696,2966.822590699887,135.374835648608,-1.5500279740652605,1.0,-0.0
6.46,117.76312745803712,2947.28829686105,135.51052512735495,-1.549956242676005,1.0,-0.0
6.48,117.74822468524515,2944.6792419184794,135.37043856666926,-1.5501159365767263,1.0,-0.0
6.5,118.12786557869977,2924.3182512559324,134.84057639955802,-1.5514631665636405,1.0,-0.0
6.5200000000000005,118.2261549679776,2913.9029643614394,134.92117314202966,-1.552201792315834,1.0,-0.0
6.54,118.23372498119168,2907.8655605343943,135.03480003726273,-1.5526024152580908,1.0,-0.0
6.5600000000000005,118.07660414019436,2888.3379616487555,134.8106715780345,-1.5532205005109523,1.0,-0.0
6.58,118.11726510051267,2880.79214850936,134.93608189174333,-1.5535537475952452,1.0,-0.0
6.6000000000000005,118.18741188825844,2868.865338497051,135.2747274692318,-1.5537603699458882,1.0,-0.0
6.62,118.5031146884535,2853.9278894024574,135.02980827618973,-1.555069354855109,1.0,-0.0
6.640000000000001,118.547992746867,2850.5074086243853,134.92892346332115,-1.555013007834523,1.0,-0.0
6.66,118.58380520891426,2841.483004650662,134.9223269008502,-1.5551734954796494,1.0,-0.0
6.68,118.57260222829562,2837.7835564848406,135.02526891476032,-1.5550618780360077,1.0,-0.0
6.7,118.50579438854663,2822.288497833742,135.28319187103344,-1.5557629043154784,1.0,-0.0
6.72,118.6529738847506,2797.890524040539,134.8915059624797,-1.555938102378041,1.0,-0.0
6.74,118.67507841443428,2793.2153102584325,134.90486827866548,-1.5556774709717465,1.0,-0.0
6.76,118.552386601127,2779.28627138547,135.1256322119293,-1.5553557308596204,1.0,-0.0
6.78,118.44916309376343,2766.3325746687437,135.477925088282,-1.5553673017036522,1.0,-0.0
6.8,118.44994986665512,2760.907953590726,135.52050401053822,-1.5551597665237156,1.0,-0.0
6.82,118.56490832612806,2742.984626282752,135.30845903826264,-1.5562996924923447,1.0,-0.0
6.84,118.6126392139122,2738.4392609101287,135.30065916447998,-1.555814550512127,1.0,-0.0
6.86,118.72338099926318,2724.3352643443386,135.58323835170322,-1.555133165681912,1.0,-0.0
6.88,118.59175908395365,2710.2862545196717,135.67041644299016,-1.5545406919067475,1.0,-0.0
6.9,118.46894331873376,2706.5582698294397,135.6585921843683,-1.5541937022810033,1.0,-0.0
6.92,118.22985932302714,2696.855915033585,135.6763048870923,-1.5540812477558517,1.0,-0.0
6.94,118.08569973622717,2681.9630967234198,135.89920640684392,-1.5538806961854075,1.0,-0.0
6.96,118.06876434351551,2679.014360383287,135.92810500367264,-1.5540613282125642,1.0,-0.0
6.98,118.20572893568227,2659.807031883012,135.85689460140966,-1.553932599857117,1.0,-0.0
7.0,118.18391785562041,2656.080438783771,135.91089440855347,-1.5540242853407786,1.0,-0.0
7.0200000000000005,118.20332825426651,2641.648743910106,135.9959558308449,-1.5537144916930021,1.0,-0.0
7.04,118.30978145605805,2624.4970175773437,135.79409361685097,-1.554231266678287,1.0,-0.0
7.0600000000000005,118.34957040837985,2617.8178244930637,135.7115182209233,-1.5542483396262072,1.0,-0.0
7.08,118.3671379159353,2604.623951259034,135.78015183927457,-1.553982139950834,1.0,-0.0
7.1000000000000005,118.33366794193444,2601.2682031212044,135.84717432352252,-1.5539758922743647,1.0,-0.0
7.12,118.18243341374685,2585.9991942584406,135.99456504268713,-1.5541657078704807,1.0,-0.0
7.140000000000001,118.07839243176468,2576.575822378466,135.99029481306354,-1.5541493982499766,1.0,-0.0
7.16,118.07255754815708,2573.1929200960753,136.00435675183283,-1.554022395203584,1.0,-0.0
7.18,118.05722729182382,2548.001061053729,136.63055389111952,-1.5546934827481118,1.0,-0.0
7.2,118.14794867918039,2535.666614849617,136.37001058189236,-1.5554576874575323,1.0,-0.0
7.22,118.14666130802699,2522.043018011614,136.63149666172671,-1.5554655616831363,1.0,-0.0
7.24,118.10842047309856,2514.792484100931,136.75698171888345,-1.5556778168569436,1.0,-0.0
7.26,118.1694394380689,2503.123007619733,136.69743835899052,-1.5559393907893184,1.0,-0.0
7.28,118.27682819694142,2492.460603535824,136.54182953431908,-1.5559213115609316,1.0,-0.0
7.3,118.2595168790751,2482.4687408822037,136.58060490520631,-1.5557102996117407,1.0,-0.0
7.32,118.19588066780494,2472.9735955885485,136.71543166541585,-1.5553762971094347,1.0,-0.0
7.34,118.01524704580875,2459.779835586219,137.07749274955734,-1.5557669967249048,1.0,-0.0
7.36,118.02680664566392,2449.9653514359766,137.2691994135777,-1.5559104557614172,1.0,-0.0
7.38,118.17059981178244,2434.9126837245385,137.22712518698842,-1.5555359956583912,1.0,-0.0
7.4,118.24062075115228,2427.9408712858212,137.20242481972866,-1.555530747013588,1.0,-0.0
7.42,118.29038445303313,2424.9758181834486,137.2225228023809,-1.5554016768920187,1.0,-0.0
7.44,118.37658641426526,2410.2092154933825,137.5983073461093,-1.5551245250540449,1.0,-0.0
7.46,118.13594487844688,2395.2625295086928,137.71811636319518,-1.554303349077495,1.0,-0.0
7.48,118.02242322626255,2391.4427034435726,137.71197411343593,-1.5538787955623257,1.0,-0.0
7.5,117.81609312712662,2373.3445553140205,137.97645195279512,-1.5534717480466287,1.0,-0.0
7.5200000000000005,117.88216738790767,2361.0748224750564,138.07116168528955,-1.553602252999917,1.0,-0.0
7.54,117.94591094017179,2354.523957758427,138.0755929683268,-1.553520189085067,1.0,-0.0
7.5600000000000005,117.92336777602013,2340.87490744573,138.26937005681881,-1.552619925274705,1.0,-0.0
7.58,117.86532660604459,2328.223922408635,138.46566066018337,-1.5520743901157952,1.0,-0.0
7.6000000000000005,117.88050862651703,2318.8210067595933,138.3536074184765,-1.5525219885454584,1.0,-0.0
7.62,117.95621020555747,2313.032538024903,138.21949386127685,-1.552753029002166,1.0,-0.0
7.640000000000001,117.98887696865906,2310.409054314237,138.1917691557203,-1.5529255771290233,1.0,-0.0
7.66,118.1192278730333,2286.7483906975076,138.3498658769377,-1.5518102589074108,1.0,-0.0
7.68,118.08610427617553,2283.2803951655465,138.36298817098424,-1.5515427347544049,1.0,-0.0
7.7,117.76944388407851,2268.7719590095885,138.44215187652912,-1.5515647043633551,1.0,-0.0
7.72,117.72986638382258,2264.9257717344567,138.47096853708166,-1.551548560087433,1.0,-0.0
7.74,117.65343869692427,2239.0920654468514,138.99011811816217,-1.5516865812801566,1.0,-0.0
7.76,117.65853676430935,2232.89953068884,138.9115881153846,-1.5516487589573775,1.0,-0.0
7.78,117.6775406569558,2229.129597152581,138.80481639254805,-1.5517075723498557,1.0,-0.0
7.8,117.71571445311899,2212.4790685864095,138.88874841682744,-1.5514132880702547,1.0,-0.0
7.82,117.62629921514909,2200.9819891721054,139.11791148945738,-1.5517034397211942,1.0,-0.0
7.84,117.62691145157953,2197.797705638051,139.12803642136276,-1.5517935178664073,1.0,-0.0
7.86,117.55875744557844,2178.572424131249,138.96962960344433,-1.5514206473402923,1.0,-0.0
7.88,117.56421069494499,2175.8782700759252,138.97349146907482,-1.5512669251976328,1.0,-0.0
7.9,117.54639545418948,2155.8809898619243,139.1819727401046,-1.5503217855206028,1.0,-0.0
7.92,117.47207289738436,2142.5369038069603,139.48090263423862,-1.5503192145832934,1.0,-0.0
7.94,117.48981452298668,2137.2384379811288,139.5855718702325,-1.5503725230911116,1.0,-0.0
7.96,117.53157057595632,2123.850339938636,139.62842242503464,-1.5505185965167105,1.0,-0.0
7.98,117.53299470759303,2120.358427762779,139.59851067456773,-1.5506540345453352,1.0,-0.0
8.0,117.7600063907981,2106.1574803581584,139.6732268747068,-1.5506195722128557,1.0,-0.0
8.02,117.84534850416443,2092.146390068425,139.96969095736682,-1.549662588113898,1.0,-0.0
8.040000000000001,117.82009642138908,2089.347852466138,139.96923072718295,-1.549335753243047,1.0,-0.0
8.06,117.52502057464821,2070.2456475935924,139.97168842277512,-1.5484908257757406,1.0,-0.0
8.08,117.49011985485252,2067.1769162254996,140.04302402126734,-1.5484428233942054,1.0,-0.0
8.1,117.49125364492156,2047.7918969211717,139.99941803265756,-1.5497678136888127,1.0,-0.0
8.120000000000001,117.64124894034993,2038.3094213136237,139.97153372090284,-1.5496952097986274,1.0,-0.0
8.14,117.66722475314823,2035.0680775519645,139.97320052674345,-1.5497302859788928,1.0,-0.0
8.16,118.08232352381167,2012.0134393581347,140.39907174748052,-1.5492696069935468,1.0,-0.0
8.18,118.14735045783499,2005.606620007279,140.27901373172654,-1.549474151228066,1.0,-0.0
8.2,118.30263704330679,1997.1974717862395,140.0746723802637,-1.54964720516658,1.0,-0.0
8.22,118.35685314363882,1983.3450090501315,139.8460644845365,-1.5504426381483705,1.0,-0.0
8.24,118.40514554004052,1979.1597543812231,139.96006335174812,-1.5504960331963187,1.0,-0.0
8.26,118.02555061511131,1961.6233650307777,139.44396598555508,-1.5479370178100562,1.0,-0.0
8.28,117.98537696085816,1957.8870145240053,139.40512304090808,-1.5478285730743404,1.0,-0.0
8.3,117.99239012076833,1943.3260910171725,139.62637722603148,-1.5476517298024466,1.0,-0.0
8.32,118.03535807906569,1929.0529692248213,139.9439130933741,-1.5475289597815443,1.0,-0.0
8.34,118.05125392584984,1926.3688598617211,139.9449624159764,-1.547575972863185,1.0,-0.0
8.36,118.1665830172439,1907.0510651366392,139.7495948320323,-1.5478824142584098,1.0,-0.0
8.38,118.17801043627826,1904.1864159049758,139.78661847609058,-1.5479678483161656,1.0,-0.0
8.4,117.95952673471088,1889.5182478741833,139.35743445642328,-1.5501283248050761,1.0,-0.0
8.42,117.94428070373246,1873.7308114157202,139.30921945718697,-1.5500966045237883,1.0,-0.0
8.44,117.9801400924573,1870.2308694056692,139.24358731443095,-1.549997446290254,1.0,-0.0
8.46,118.01575428105797,1851.0528564588628,139.33831220960224,-1.5488164731947458,1.0,-0.0
8.48,117.96549264626148,1840.1440091166116,139.63113070202223,-1.5484010807434043,1.0,-0.0
8.5,117.89711815105899,1834.158570958606,139.8004955897484,-1.5483938961323789,1.0,-0.0
8.52,117.9200883856371,1819.4590219958047,139.97541775250338,-1.5483999104907065,1.0,-0.0
8.540000000000001,117.99506179415987,1813.360501410784,140.03965473069582,-1.5486116951401903,1.0,-0.0
8.56,118.2012723041969,1797.499713521946,139.92212892087667,-1.548272831275948,1.0,-0.0
8.58,118.31993871402953,1787.275123364912,140.17843383829683,-1.547585638812317,1.0,-0.0
8.6,118.33526380938733,1783.8340321521086,140.24659384980558,-1.547314447862317,1.0,-0.0
8.620000000000001,118.06048950420727,1765.6483623269628,140.36563885202807,-1.5465082692191507,1.0,-0.0
8.64,117.99963165295506,1762.5879963458137,140.36692204400669,-1.546450304149802,1.0,-0.0
8.66,117.95504048340652,1747.7756450810555,140.53136116042734,-1.546401015164462,1.0,-0.0
8.68,118.09913729284139,1733.0536850371395,140.61724633450265,-1.5464195186791416,1.0,-0.0
8.700000000000001,118.1699043963567,1729.4927648962519,140.6281110333567,-1.546152034623244,1.0,-0.0
8.72,118.41457033690688,1710.5666251281916,140.81291167204319,-1.5457260699588253,1.0,-0.0
8.74,118.51769698499673,1700.1707402422935,140.85594978679134,-1.546142898712142,1.0,-0.0
8.76,118.61382520899781,1691.9315738060643,140.72367940698237,-1.5463338753291433,1.0,-0.0
8.78,118.90302697820975,1680.321686145059,140.52224474334625,-1.5463827221989985,1.0,-0.0
8.8,118.91778548153057,1675.9019207392762,140.54700677378042,-1.5465080948236645,1.0,-0.0
8.82,119.1033125968644,1656.1594396117466,140.81371838537544,-1.5464405340876877,1.0,-0.0
8.84,119.05948176273431,1646.7373172456544,140.8386822237474,-1.5463249090688567,1.0,-0.0
8.86,119.06635672701096,1643.6663812322531,140.86390205991881,-1.5463322588869626,1.0,-0.0
8.88,119.10886773793312,1623.7434917676435,141.4488677618746,-1.5464340862027623,1.0,-0.0
8.9,119.167648764171,1616.6465341387052,141.5771132397986,-1.546744023384135,1.0,-0.0
8.92,119.33957370566428,1602.0081196966166,141.34454536140515,-1.5472511854237945,1.0,-0.0
8.94,119.4949309085294,1592.0676380246898,141.44990279007544,-1.5472004380305473,1.0,-0.0
8.96,119.49320242131927,1589.0328207609991,141.54995417421688,-1.5471665159720016,1.0,-0.0
8.98,119.5982347457407,1569.991177339824,141.78944220158255,-1.5474924839568485,1.0,-0.0
9.0,119.69834908073994,1557.5786666199458,141.7414207289606,-1.5475894312449932,1.0,-0.0
9.02,119.75680273624975,1552.5018475133757,141.77186451351974,-1.5474081614208899,1.0,-0.0
9.040000000000001,119.80463687208523,1538.0628652110142,141.91250447057647,-1.5466374246377095,1.0,-0.0
9.06,119.77020670550418,1527.15932899648,142.00780514275675,-1.5459234689851344,1.0,-0.0
9.08,119.92506350279766,1514.9210945417324,142.430782333718,-1.5466549549187765,1.0,-0.0
9.1,120.12506391551157,1502.9542556660822,142.513405620377,-1.54677158146265,1.0,-0.0
9.120000000000001,120.15191406409522,1496.8350878465483,142.44910642605402,-1.5466970198561676,1.0,-0.0
9.14,120.43023041397701,1483.8747915464999,142.56526950428542,-1.5462469344894065,1.0,-0.0
9.16,120.55212157034013,1473.4994622680017,142.76939189187442,-1.545175326598359,1.0,-0.0
9.18,120.55497042289419,1465.1270109548066,142.83066993857676,-1.5445585996680165,1.0,-0.0
9.200000000000001,120.30857316669929,1452.0313004985858,142.79730639213648,-1.5438673537820693,1.0,-0.0
9.22,120.26652990123142,1448.6460706491162,142.90963919345165,-1.5443560915626382,1.0,-0.0
9.24,120.29210060250232,1430.2487517224936,143.20767174808455,-1.5434562421045916,1.0,-0.0
9.26,120.40736628901658,1417.671782994894,143.34118530897408,-1.5433552626591744,1.0,-0.0
9.28,120.44576895557024,1412.6064825113604,143.4659400221602,-1.5436818587516987,1.0,-0.0
9.3,120.72008465833169,1398.548456817407,143.982852586179,-1.5432768100883463,1.0,-0.0
9.32,120.83256090917342,1388.657204749303,144.42743387182367,-1.5436067392698951,1.0,-0.0
9.34,120.9634905438109,1381.4546324422804,144.22501431879684,-1.5438244225119717,1.0,-0.0
9.36,121.30710387474186,1371.772395802418,143.78737815398765,-1.5441852308846546,1.0,-0.0
9.38,121.6114277584299,1359.1741142871274,143.6799715388222,-1.5439919400297224,1.0,-0.0
9.4,121.66053777051395,1349.5439363142614,143.8318800211256,-1.5433739111710363,1.0,-0.0
9.42,121.57511354773064,1334.783085333907,143.8709069237816,-1.5439447101174544,1.0,-0.0
9.44,121.80935944505194,1323.224060729501,143.9271117852151,-1.5435684306959752,1.0,-0.0
9.46,121.87905946329964,1319.241370843572,143.98870182536118,-1.5426501780387025,1.0,-0.0
9.48,122.00735900725661,1300.856229476631,144.6895261436017,-1.5430235556743508,1.0,-0.0
9.5,122.14441946023223,1290.7236316719132,144.48758538533133,-1.5424901526993067,1.0,-0.0
9.52,122.2966293052957,1287.5510843609654,144.32573164474294,-1.5418614275005698,1.0,-0.0
9.540000000000001,122.54760559473215,1269.2981525556118,144.47746366258738,-1.5424457379076575,1.0,-0.0
9.56,122.54667172200492,1266.674712327674,144.52031008383062,-1.5424305052370433,1.0,-0.0
9.58,122.36953183042289,1246.7718206096117,144.44483782029465,-1.5424230010250695,1.0,-0.0
9.6,122.49141536881784,1234.1590484153571,144.13785014360502,-1.5414141903796763,1.0,-0.0
9.620000000000001,122.64524531427442,1225.8579495505662,144.38313565704533,-1.5396450416284575,1.0,-0.0
9.64,122.70279784677435,1219.3979846607724,144.46426269339952,-1.5391340161965028,1.0,-0.0
9.66,122.73184004650875,1217.23930591339,144.510406168562,-1.538855546134153,1.0,-0.0
9.68,122.76823917463493,1198.0690766507655,144.714431396556,-1.5376029629905723,1.0,-0.0
9.700000000000001,122.84215572776581,1183.2237789112785,144.73068397577163,-1.537711044054469,1.0,-0.0
9.72,122.92001110775759,1179.1363869418494,144.57833358870008,-1.5373152031243873,1.0,-0.0
9.74,123.25234919151124,1159.7762443571178,144.8105795484913,-1.5348065740206167,1.0,-0.0
9.76,123.13502772459326,1148.8610120990313,145.1247247935368,-1.5340513324822056,1.0,-0.0
9.78,123.0121373112813,1138.310423421517,145.9781080017292,-1.5336203680882257,1.0,-0.0
9.8,122.77798577712208,1130.7870139839401,145.64363866069957,-1.534543076608799,1.0,-0.0
9.82,122.88157559027658,1112.830187889428,145.3343540901002,-1.532928250982413,1.0,-0.0
9.84,123.01685695969367,1105.2528665155555,145.61398038565102,-1.533165283862967,1.0,-0.0
9.86,123.18595127668405,1096.155529939324,145.5001204550631,-1.5328278662417945,1.0,-0.0
9.88,123.26748098336465,1091.8049691110602,145.66882386648254,-1.5320568404955743,1.0,-0.0
9.9,123.25589940289565,1081.7689689438907,145.43152133774683,-1.5329946635273528,1.0,-0.0
9.92,123.70865092277778,1067.406918081313,145.552317895434,-1.5312446945238973,1.0,-0.0
9.94,124.27405238682972,1051.9610548305277,145.60435993302926,-1.5311303814424586,1.0,-0.0
9.96,124.28813728571966,1040.3598420891283,144.8703509823436,-1.534333738256122,1.0,-0.0
9.98,124.79900432411834,1027.645936224598,145.39992441845698,-1.5317833647787873,1.0,-0.0
10.0,124.94505324167123,1021.7023620238882,145.404736112198,-1.5313662068858178,1.0,-0.0
10.02,125.34391531535825,1012.5636823955026,145.08942251571978,-1.5299657143670338,1.0,-0.0
10.040000000000001,125.62747172020885,998.40732260205,145.50492911897962,-1.5300153111251908,1.0,-0.0
10.06,125.73533044716476,991.3984779758625,145.51654229891182,-1.530263549483593,1.0,-0.0
10.08,126.12834947553479,974.1337471870797,145.49752740281733,-1.5315111642292532,1.0,-0.0
10.1,126.58197357228237,964.562899594438,145.14856124320187,-1.5308932474746835,1.0,-0.0
10.120000000000001,126.85314644628322,953.6746727486549,145.32939235080468,-1.5316075514229734,1.0,-0.0
10.14,126.89762470351609,949.8401492425138,145.04516542849453,-1.5325058156329023,1.0,-0.0
10.16,127.38858024975323,935.1063843289346,145.1971433543435,-1.5322989745178817,1.0,-0.0
10.18,127.91016555996397,920.308904000586,145.014790888404,-1.5331819987765354,1.0,-0.0
10.200000000000001,128.22792712225575,916.3093196773656,145.28986193877284,-1.5322108534341812,1.0,-0.0
10.22,128.68445983169437,902.4230685208158,145.21300381254736,-1.5317180446324588,1.0,-0.0
10.24,128.8984166667337,884.6868223783093,145.6926111784514,-1.5308485880731577,1.0,-0.0
10.26,128.93444101765624,880.7732574839131,145.698631493812,-1.5315232147154476,1.0,-0.0
10.28,129.37036152298776,867.089462548243,145.16030148557772,-1.5314036760117942,1.0,-0.0
10.3,129.56895110078045,862.3479267086215,145.10277598361094,-1.5311229063424718,1.0,-0.0
10.32,130.26988452620037,844.0101733452668,146.55180343014362,-1.5287178358598632,1.0,-0.0
10.34,130.53151371038703,829.4641062498963,146.51009536547153,-1.5282451147052847,1.0,-0.0
10.36,130.76415416153012,818.6588585703166,146.51235672316096,-1.5276944245838,1.0,-0.0
10.38,130.94613776213615,811.5080687459409,146.5417291972873,-1.5283537010012562,1.0,-0.0
10.4,131.1973237131967,800.9137940584963,146.77147237092169,-1.528155074263767,1.0,-0.0
10.42,131.26249873457348,797.257169057249,146.72596586159526,-1.5274374277067546,1.0,-0.0
10.44,132.24937654690567,774.9433531014462,146.86027504830656,-1.5273457612409442,1.0,-0.0
10.46,132.45609237688257,767.4312686091918,146.90311400699667,-1.5266744195633264,1.0,-0.0
10.48,132.91713286680442,756.3649716446462,146.7789352839095,-1.5271719782543416,1.0,-0.0
10.5,133.3590526645339,743.6237408645738,146.07091612911051,-1.5283521430465157,1.0,-0.0
10.52,133.62110041754633,738.6821846808492,146.1801461603776,-1.5274193761654054,1.0,-0.0
10.540000000000001,134.15653156698477,724.2221026341041,146.81624310918986,-1.5245933947834263,1.0,-0.0
10.56,134.67598521368978,712.2818716932507,146.45201955223388,-1.5245146105351035,1.0,-0.0
10.58,135.04422084153327,701.2875655036648,146.63837535166255,-1.5244489422934189,1.0,-0.0
10.6,135.4242400389265,686.9387671266412,146.7909100270157,-1.5243684991111366,1.0,-0.0
10.620000000000001,135.5598756219325,682.0077223767234,146.9277386218363,-1.5243718382885783,1.0,-0.0
10.64,135.9680808142621,669.2807843422983,146.98370789168976,-1.5241079625932497,1.0,-0.0
10.66,136.5328765062121,658.6510867987428,146.92604137498753,-1.5234252451349009,1.0,-0.0
10.68,136.83745603248565,650.7286101632651,146.8230090843553,-1.5231062125684958,1.0,-0.0
10.700000000000001,137.3687154823524,633.9772955001592,147.088076717871,-1.5232778651785377,1.0,-0.0
10.72,137.23753235858334,628.1036895789935,146.8669884165631,-1.5248349665111103,1.0,-0.0
10.74,137.65354199224916,619.0076076088677,146.87566776234817,-1.5229028078607034,1.0,-0.0
10.76,138.41905777081197,603.1877245698566,147.01649986303582,-1.521335664891393,1.0,-0.0
10.78,138.60100553430962,598.306928397748,146.88315367593628,-1.520963210092527,1.0,-0.0
10.8,139.21946363171378,582.7832486736329,147.15661886628882,-1.5204851087455107,1.0,-0.0
10.82,139.53456782909427,571.3679331933813,146.98254554379483,-1.5197291714173118,1.0,-0.0
10.84,139.76727101819824,565.1583317871675,147.1280019805432,-1.5192557920594658,1.0,-0.0
10.86,140.30421882803202,552.1652566287427,147.2539326707483,-1.5183518882531097,1.0,-0.0
10.88,140.5562272217738,547.4161580604308,147.31343760232767,-1.5180592461925264,1.0,-0.0
10.9,141.42180195560883,528.6265811847602,147.61135765851037,-1.5172162292242928,1.0,-0.0
10.92,141.74478461340863,516.2104970287596,147.33894178404873,-1.5173368415421535,1.0,-0.0
10.94,142.03014451104602,509.5057458824777,147.47820893549635,-1.5158661722309066,1.0,-0.0
10.96,142.42218977699682,497.9059541686213,147.59586207693178,-1.5153912432370233,1.0,-0.0
10.98,142.51597256761903,495.7398258223933,147.6557741864747,-1.5152330448531584,1.0,-0.0
11.0,142.60975535824124,493.5736974761653,147.71568629601762,-1.5150748464692931,1.0,-0.0
11.02,143.840383191737,465.7818052459796,147.7767074112196,-1.5138503657236257,1.0,-0.0
11.040000000000001,144.01290514607146,460.5987891181642,147.7707702388977,-1.5139369572955164,1.0,-0.0
11.06,145.055440793026,442.2175992578851,147.64049913125692,-1.5120161593524453,1.0,-0.0
11.08,145.98363767389813,426.8166063675739,147.58779655818117,-1.511361561619575,1.0,-0.0
11.1,146.15535975286514,421.06632958237566,147.5542907844807,-1.5111853661822925,1.0,-0.0
11.120000000000001,146.59048258717814,408.4799016157921,147.46231726877002,-1.512134997479607,1.0,-0.0
11.14,147.00639301863302,394.5708400077201,147.31639721831564,-1.5116400010009612,1.0,-0.0
11.16,147.18155184028058,390.66450667863154,147.51839718891028,-1.5115121336352824,1.0,-0.0
11.18,147.7502847725751,376.0050256571176,147.80077181565113,-1.5096288966976215,1.0,-0.0
11.200000000000001,147.80544750182762,372.7564702179915,147.90482568746353,-1.5092678066583793,1.0,-0.0
11.22,148.24960271382244,353.3164406811599,148.11193333470962,-1.508832973305322,1.0,-0.0
11.24,148.44856548513187,349.0376185691659,148.05142453324373,-1.5085712207511497,1.0,-0.0
11.26,148.60587262801644,345.6051404907591,147.98390295148567,-1.5085335159299784,1.0,-0.0
11.28,149.7401591574424,321.14860363508575,148.2779650768155,-1.507186858573958,1.0,-0.0
11.3,149.9104826418992,317.3252188959932,148.43059236351914,-1.5064634059296866,1.0,-0.0
11.32,150.32940003428934,302.8644070991716,147.98552894759325,-1.5057806426583442,1.0,-0.0
11.34,150.9638000519413,288.1735454999757,148.0397717062542,-1.504870882253706,1.0,-0.0
11.36,151.21057964667247,284.4323961375087,148.08615670508456,-1.5035646501676692,1.0,-0.0
11.38,150.41599553944795,271.921293542289,152.3596830896913,-1.5039563442584658,1.0,-0.0
11.4,150.81938641506594,258.4109041260159,152.44312051489047,-1.5048072392684535,1.0,-0.0
11.42,151.9226177707027,243.3458106880881,152.52817396277018,-1.501420577457748,1.0,-0.0
11.44,152.13356970527198,237.01508698377089,152.58204009302193,-1.4999997495910362,1.0,-0.0
11.46,152.96543681073297,221.81968605499762,152.77036477825723,-1.5001076030852645,1.0,-0.0
11.48,153.0502584620866,220.2741192627839,152.78192885124437,-1.500176449237028,1.0,-0.0
11.5,153.1350801134402,218.72855247057015,152.79349292423154,-1.5002452953887915,1.0,-0.0
11.52,153.21990176479383,217.1829856783564,152.80505699721868,-1.500314141540555,1.0,-0.0
11.540000000000001,154.994910860788,178.8640896085515,153.2061488896126,-1.4995974318482523,1.0,-0.0
11.56,155.2174446460258,174.83773140822836,153.22706970859898,-1.4998719829483458,1.0,-0.0
11.58,155.82310598903635,161.52464946190378,153.3147093381493,-1.5014826486850412,1.0,-0.0
11.6,155.7893434435392,160.4685989869223,153.32007032285557,-1.5016614876773091,1.0,-0.0
11.620000000000001,155.75558089804204,159.4125485119407,153.32543130756184,-1.501840326669577,1.0,-0.0
11.64,155.7218183525449,158.35649803695924,153.33079229226811,-1.5020191656618451,1.0,-0.0
11.66,155.68805580704773,157.30044756197776,153.3361532769744,-1.502198004654113,1.0,-0.0
11.68,158.61469734932402,102.90736115157961,153.8440202319569,-1.5016571481732122,1.0,-0.0
11.700000000000001,159.05721543306547,99.79428148013601,153.78372096249672,-1.5003880361605215,1.0,-0.0
11.72,160.01308025070236,85.7995932211719,153.98927140550214,-1.497716257831613,1.0,-0.0
11.74,160.88788850154597,71.45468373891056,154.26816129948872,-1.4983923288541356,1.0,-0.0
11.76,161.03471544202174,67.71457016478779,154.3225117154081,-1.4982347900218231,1.0,-0.0
11.78,161.12894994332663,65.15393570527425,154.34713075999753,-1.4981048129656704,1.0,-0.0
11.8,161.90395811975,45.979911755564544,154.51315498568408,-1.498365026147253,1.0,-0.0
11.82,163.29021781155495,26.58273917592107,154.54834256487516,-1.4985880146203385,1.0,-0.0
11.84,163.47587462339862,19.522284435014964,154.5890242966559,-1.4974810100123894,1.0,-0.0
11.86,164.1383049637087,8.093718489325942,154.79380419639375,-1.500349572452144,1.0,-0.0
11.88,164.99592434657475,-3.9231699388651617,155.5074139121302,-1.4957754679259232,1.0,-0.0
11.9,164.83898204510285,-8.573258893665452,155.84079544441371,-1.4956640260822753,1.0,-0.0
11.92,164.74679929222523,-21.214441307367462,156.4837842998457,-1.4960678848276683,1.0,-0.0
11.94,165.80431368321362,-33.46068117781322,156.3880654644063,-1.4974912227121966,1.0,-0.0
11.96,166.84751795531938,-43.87005930616842,156.35571116106894,-1.5003796455957852,1.0,-0.0
11.98,167.2123956114508,-54.974654104905284,156.68916434834202,-1.4993328508633101,1.0,-0.0
12.0,167.5709835524395,-64.85484243651383,156.7173130612689,-1.4957376607157387,1.0,-0.0
12.02,167.8965772750913,-69.6059198690678,156.67610733782163,-1.4968483136281736,1.0,-0.0
12.040000000000001,169.60167024210517,-87.11253399332149,156.9755693066713,-1.497088995381158,1.0,-0.0
12.06,169.922157298107,-92.62155620015842,157.18568170497238,-1.497318601630952,1.0,-0.0
12.08,170.8791038540806,-105.07830375695832,157.68326128597002,-1.4957352864706455,1.0,-0.0
12.1,171.00475877984962,-108.35555740132135,157.7533790899411,-1.4958976476577528,1.0,-0.0
12.120000000000001,171.44778608562817,-124.1298911964108,158.22470497842482,-1.4954461102582628,1.0,-0.0
12.14,172.04686803420392,-136.64233527833335,158.49330789760106,-1.4953141408496107,1.0,-0.0
12.16,172.691856492584,-146.40628295311325,158.54994259219265,-1.4961122851400848,1.0,-0.0
12.18,173.2102711195913,-153.20824752181093,158.57570075289524,-1.4960455909181187,1.0,-0.0
12.200000000000001,174.16918814063632,-167.67364057728904,158.58867536010771,-1.4959625903729783,1.0,-0.0
12.22,174.4696390153523,-171.39584135227693,158.51372023110864,-1.4963048420005756,1.0,-0.0
12.24,175.832801932002,-190.3100617630328,158.31454368430082,-1.4962457165815717,1.0,-0.0
12.26,176.55994826826125,-201.74460585597834,158.48585106772097,-1.4961615388560543,1.0,-0.0
12.280000000000001,177.0676888949405,-209.29499163912988,158.48121770365134,-1.4956606750177843,1.0,-0.0
12.3,177.78915777760992,-222.67768675518366,158.41177425598931,-1.4959422682820278,1.0,-0.0
12.32,178.0500646959741,-226.32164193401567,158.51826112688423,-1.4952090307835957,1.0,-0.0
12.34,179.01540227990128,-240.1970643101194,158.69317633064458,-1.4964527495194666,1.0,-0.0
12.36,179.75203032090062,-254.5343747938285,159.72576230382487,-1.4953918909211104,1.0,-0.0
12.38,179.9467341229053,-259.3684607554292,160.22508752701816,-1.495463763531876,1.0,-0.0
12.4,179.75153682964515,-271.71041990294316,161.01762805752182,-1.492437648072699,1.0,-0.0
12.42,179.50584461072978,-274.87046883063283,160.92830591634177,-1.48980715703466,1.0,-0.0
12.44,180.8239346012287,-294.1678326428706,160.05053119598466,-1.4948395907055825,1.0,-0.0
12.46,181.86931517392316,-311.1158346983908,160.73925420418146,-1.4929814794634597,1.0,-0.0
12.48,181.98620197977354,-317.1782392585197,160.49080778603866,-1.4936719883556675,1.0,-0.0
12.5,182.48298099553332,-330.8801891253188,160.25738825877727,-1.4936628163848316,1.0,-0.0
12.52,183.2705172614001,-340.94140511222514,160.85245101400835,-1.4934721392317665,1.0,-0.0
12.540000000000001,183.49165012997636,-344.8723882001663,160.935612102444,-1.4939508323728845,1.0,-0.0
12.56,184.83074744024103,-363.3942188308837,161.49794454130534,-1.4929355807709048,1.0,-0.0
12.58,185.01363757573947,-376.32016645750025,161.35254889112156,-1.492508153803306,1.0,-0.0
12.6,185.43117409327695,-380.87009066717815,161.31245772747448,-1.4924533533896713,1.0,-0.0
12.620000000000001,186.80924955408452,-398.4727184417985,161.5670287356412,-1.4907302195473962,1.0,-0.0
12.64,186.88430882456365,-401.70153068672977,161.49416032669137,-1.4911010697209972,1.0,-0.0
12.66,187.04357711947526,-409.9416855358022,161.43336859805592,-1.4919552152955953,1.0,-0.0
12.68,187.1364067150308,-412.0105357195085,161.33379280478826,-1.4912566636376978,1.0,-0.0
12.700000000000001,187.22923631058637,-414.07938590321487,161.2342170115206,-1.4905581119798001,1.0,-0.0
12.72,189.70615742108055,-452.8852915898767,161.67668679429568,-1.4859028657569062,1.0,-0.0
12.74,189.76766716230682,-456.93117019362046,161.68617236255602,-1.4850159763008666,1.0,-0.0
12.76,190.58262267113324,-471.52334141621094,161.55760394091294,-1.4845400489443432,1.0,-0.0
12.780000000000001,191.59100182621648,-485.3147716074064,161.5272536379383,-1.482855967757457,1.0,-0.0
12.8,192.33830455998557,-494.5492783297102,161.40777063993764,-1.4825207323203005,1.0,-0.0
12.82,193.0857950411542,-504.63863000565226,161.3048422049893,-1.4868067767900288,1.0,-0.0
12.84,194.01351022345338,-516.3226629573734,161.44695412808233,-1.4853704041122533,1.0,-0.0
12.86,194.29031842831662,-520.9741749024296,161.36220041639,-1.4847471640866083,1.0,-0.0
12.88,195.34659940300662,-536.0578430652702,161.40481994077504,-1.4837127197160196,1.0,-0.0
12.9,195.77517818597443,-545.7892754346257,161.31241697056402,-1.4849897805842023,1.0,-0.0
12.92,195.78662038030365,-548.6693922161044,161.35625730777008,-1.4862352505009084,1.0,-0.0
12.94,196.9690430581788,-567.7291043247076,161.9326397824019,-1.4862399857551414,1.0,-0.0
12.96,197.14715837165681,-570.519569401288,162.02816279142357,-1.4864229189181386,1.0,-0.0
12.98,198.32320066127795,-590.0318531552787,161.82437872933772,-1.4844754491956784,1.0,-0.0
13.0,198.59813384322024,-593.5818444616708,161.91462133271781,-1.4860475567688174,1.0,-0.0
13.02,199.88791916756898,-611.8345332555994,162.08143916156425,-1.4882703091999154,1.0,-0.0
13.040000000000001,199.85162560767986,-615.0974167522911,161.97856907377667,-1.490153346184313,1.0,-0.0
13.06,201.11292319355366,-631.0388297258334,162.23529985764324,-1.4859563382165482,1.0,-0.0
13.08,202.12254699938435,-643.6056237519592,162.31328627035515,-1.4840716346956535,1.0,-0.0
13.1,202.70543395073392,-648.7013268367556,162.40961452797177,-1.4855482494886034,1.0,-0.0
13.120000000000001,203.51051245098827,-667.6131269839558,162.12995960461183,-1.4846826776762467,1.0,-0.0
13.14,203.74422809402708,-672.0805627268506,162.13630451136885,-1.4870764190220056,1.0,-0.0
13.16,205.48352886591243,-692.3047669807315,162.3912902410095,-1.4859733989669988,1.0,-0.0
13.18,206.27755397114834,-699.5882601777543,162.57356028414694,-1.481966066249902,1.0,-0.0
13.200000000000001,206.52201308651385,-709.4225454122761,162.4492521993405,-1.483556610987959,1.0,-0.0
13.22,206.96034982863782,-725.5686469464555,162.13370989491702,-1.4851664714380206,1.0,-0.0
13.24,207.95932324703656,-733.1727208802012,162.18147998882495,-1.4841514230613213,1.0,-0.0
13.26,208.5402740629754,-747.4223876431302,162.27196520346914,-1.4855588660565942,1.0,-0.0
13.280000000000001,208.69164810089345,-750.4486394802786,162.20740387776027,-1.484753524121244,1.0,-0.0
13.3,209.64737362120954,-759.1164405940278,162.67880889511764,-1.4822749711991834,1.0,-0.0
13.32,209.61022535038356,-762.6417249566209,162.57715863051817,-1.4843423642266278,1.0,-0.0
13.34,210.91874889720927,-782.9888930677562,162.68713993537364,-1.4848433336328277,1.0,-0.0
13.36,212.04182231097565,-802.7951866769896,162.36691150199553,-1.4864187768925077,1.0,-0.0
13.38,212.83229551785502,-807.7936444141517,162.5368103302434,-1.4822141713077586,1.0,-0.0
13.4,213.75555975455077,-820.9301282044785,162.46500373776908,-1.4829897506178207,1.0,-0.0
13.42,214.310430390112,-831.1358234323818,162.34004037557315,-1.4810967275549893,1.0,-0.0
13.44,215.01275263288758,-842.1220738528016,162.27944116783127,-1.484443736595872,1.0,-0.0
13.46,215.5980374273548,-849.5225653204592,162.55076084433597,-1.4827803947933267,1.0,-0.0
13.48,216.82914722786043,-868.831517353942,162.83841598361167,-1.4792512577631527,1.0,-0.0
13.5,216.62100469015016,-872.1303439052909,162.7599859649727,-1.481735262444598,1.0,-0.0
13.52,217.9387723191391,-886.7867792465034,163.01256074128295,-1.4826870329629376,1.0,-0.0
13.540000000000001,218.554559670768,-896.760455315436,163.1639690647511,-1.4839369647735148,1.0,-0.0
13.56,218.88802219991842,-899.931404438822,163.10713238863912,-1.482868198400778,1.0,-0.0
13.58,221.55781444154496,-919.0618052144495,164.03138991200709,-1.4783991641527228,1.0,-0.0
13.6,220.91554454646746,-922.2533012804618,163.4650152079264,-1.483558833637692,1.0,-0.0
13.620000000000001,221.69343100275364,-943.7680138636177,163.03070485996884,-1.4853053951361783,1.0,-0.0
13.64,222.35043976322027,-949.9885772455154,163.1956899773146,-1.483360517137013,1.0,-0.0
13.66,222.66431684585316,-962.5850468365092,162.6069326589971,-1.4866463396888685,1.0,-0.0
13.68,224.2498677323404,-976.3440535091057,163.01546845467234,-1.4830929616797754,1.0,-0.0
13.700000000000001,224.7694888385385,-981.1011255695101,163.10470052293115,-1.4819778329579452,1.0,-0.0
13.72,225.21000457163478,-983.9378382607357,163.31468228115367,-1.4798827260942182,1.0,-0.0
13.74,226.63580724576525,-1007.8695623382101,163.22558145064156,-1.4824072953186551,1.0,-0.0
13.76,227.38805666416823,-1018.7784250828323,163.0541644368718,-1.4829737433073646,1.0,-0.0
13.780000000000001,228.31621027547575,-1027.3812982248198,163.54620375979792,-1.4775614021924723,1.0,-0.0
13.8,228.72801998273988,-1041.9125547183091,162.80541319679253,-1.483175833171102,1.0,-0.0
13.82,229.19231756632823,-1051.1531560699761,163.17047024763986,-1.479363393936228,1.0,-0.0
13.84,228.96523940637994,-1054.1063653051826,162.90284970170677,-1.4839871807458374,1.0,-0.0
13.86,230.9532961722101,-1068.0694039219632,163.89395443189392,-1.4767761049008679,1.0,-0.0
13.88,231.38504080596823,-1071.6023406052313,164.32014018050327,-1.4752979630560912,1.0,-0.0
13.9,231.9053400946099,-1091.9802302055764,163.53019264663695,-1.4817648777193457,1.0,-0.0
13.92,233.81829708016633,-1109.3783197633377,163.85420160101097,-1.4783760270317108,1.0,-0.0
13.94,233.9588458235606,-1114.4250254493359,163.72338332780637,-1.4804842940810554,1.0,-0.0
13.96,234.83235224763584,-1126.734614348897,163.3711711549017,-1.4810921713972283,1.0,-0.0
13.98,234.23709348751356,-1131.449744436287,162.62786036097344,-1.489242686110584,1.0,-0.0
14.0,236.01741805890802,-1147.5616446140662,163.30564258273762,-1.4818162376044552,1.0,-0.0
14.02,236.60969248877495,-1159.866408786606,162.944187467465,-1.4863598951985986,1.0,-0.0
14.040000000000001,237.26722450449645,-1175.3614016155188,163.09898075314635,-1.4865059985998375,1.0,-0.0
14.06,238.03430705655867,-1179.3172441238871,163.4445079412734,-1.4825081486909666,1.0,-0.0
14.08,238.73018155156709,-1195.8124172553473,163.37063096309623,-1.4850561547429681,1.0,-0.0
14.1,239.2616967818112,-1201.8139248775276,163.63968116122805,-1.4869498803169872,1.0,-0.0
14.120000000000001,240.5242367393055,-1214.9561771246367,163.91026402930737,-1.4817468323302316,1.0,-0.0
14.14,240.6252193603507,-1218.2437323393162,163.95619914852773,-1.4847146951838357,1.0,-0.0
14.16,242.02148140600997,-1232.727299447208,163.82468448479415,-1.4795808834411668,1.0,-0.0
14.18,242.93565919959758,-1250.916154997864,163.9680910549241,-1.480697689562133,1.0,-0.0
14.200000000000001,243.13089241848309,-1255.2552087704125,163.6770415958464,-1.481481419485733,1.0,-0.0
14.22,243.83068837491052,-1273.0825179373726,162.80929446892188,-1.4900011151212427,1.0,-0.0
14.24,244.31564393301798,-1278.4908378420776,163.1171961961001,-1.4906012792209486,1.0,-0.0
14.26,244.8006213402831,-1281.7271168078707,163.14758680242295,-1.4916268996059578,1.0,-0.0
14.280000000000001,246.17368404335755,-1305.334173358519,162.5263058759183,-1.4947626484319263,1.0,-0.0
14.3,262.75647656795377,-1321.8657380257544,153.01630469312835,-1.3391944491904926,1.0,-0.0
14.32,247.53542855102685,-1323.0865295002573,163.2412049249806,-1.4921320629872659,0.8927033543586731,-0.0
14.34,248.59948579438134,-1335.5473475180422,163.52138643415933,-1.4916234992001862,-0.0,-0.0
14.36,248.77491375148261,-1340.2918266202173,163.3679398084036,-1.49173953385088,-0.0,-0.0
14.38,247.2744844632276,-1354.7178238924178,161.04601847985936,-1.499376818346189,-0.0,-0.0
14.4,248.20583913163566,-1369.6953890717668,161.2431996029179,-1.4995974414236433,-0.0,-0.0
14.42,248.8020609794809,-1375.996303051409,161.79764836426048,-1.4982937196894819,-0.0,-0.0
14.44,249.76816568507942,-1388.5347239740447,162.03824701611723,-1.4966491752980053,-0.0,-0.0
14.46,249.17320404747667,-1392.9652113370084,162.1640550450317,-1.4894227600548393,-0.0,-0.0
14.48,249.9031922447233,-1403.7499964651079,162.151110388418,-1.4889934496486552,-0.0,-0.0
14.5,257.424035208795,-1416.9111171317488,164.94744142008585,-1.4287865973896108,-0.0,-0.0
14.52,263.4800449748844,-1423.7800693142347,167.355012822276,-1.3787862826906165,-0.0,-0.0
14.540000000000001,262.3595477916892,-1438.2666926965344,161.14270570658147,-1.3986236498741116,-0.0,-0.0
14.56,257.0608044852204,-1452.5728761740893,160.17504632059592,-1.4769895578609566,-0.0,-0.0
14.58,257.42631092999613,-1454.5292835989562,160.65564769407914,-1.4744553636280073,-0.0,-0.0
14.6,257.1183849341304,-1466.948354676058,160.10290580911206,-1.4877004973988195,-0.0,-0.0
14.620000000000001,257.3139139405491,-1468.5897978038533,160.2643350344031,-1.4857652147603482,-0.0,-0.0
14.64,257.6140872344098,-1469.6785868478044,160.51571760154974,-1.482189075814217,-0.0,-0.0
14.66,258.9587587221453,-1485.058187183643,160.44551727693405,-1.4806311977278312,-0.0,-0.0
14.68,257.58872931443614,-1487.6528736241464,159.5196500353984,-1.4999217704605683,-0.0,-0.0
14.700000000000001,256.1330222197681,-1496.9613261005582,158.34896693708419,-1.5200683064066867,-0.0,-0.0
14.72,257.17051437839626,-1494.0262797928547,161.43841786198922,-1.5031437375997703,-0.0,-0.0
14.74,258.86990149080987,-1497.8294034640046,163.9312590508805,-1.497591917707657,-0.0,-0.0
14.76,257.53255423560813,-1502.1567704712895,162.21231166219198,-1.4898923818073941,-0.0,-0.0
14.780000000000001,257.56742916592924,-1503.4814752796601,162.17704221490456,-1.4899581435062417,-0.0,-0.0
14.8,258.1067309761201,-1511.6716861638315,162.20435763816525,-1.490935620579158,-0.0,-0.0
14.82,258.30466441721586,-1513.0807391343596,162.22385298227226,-1.4915268097457313,-0.0,-0.0
14.84,259.1325439037895,-1518.9762816264188,162.93163609477804,-1.4944213200425625,-0.0,-0.0
14.86,259.6239713498634,-1523.394935255557,163.14683815779534,-1.491917268526737,-0.0,-0.0
14.88,259.5269586274843,-1523.994676713777,163.00438937975056,-1.4911090686728994,-0.0,-0.0
14.9,259.4299459051052,-1524.594418171997,162.86194060170578,-1.490300868819062,-0.0,-0.0
14.92,260.3280401990161,-1532.7108476676735,163.26766976839676,-1.492436787342672,-0.0,-0.0
14.94,261.23485088215807,-1533.612897013328,163.98996155413934,-1.4965031312001018,-0.0,-0.0
14.96,262.67905379516753,-1536.0231721335158,164.766961250084,-1.497765997503929,-0.0,-0.0
14.98,263.2556707902172,-1536.3736641488094,165.34367457077056,-1.498282292170498,-0.0,-0.0
15.0,261.7706092157218,-1540.7365849080072,163.77341423141684,-1.4994911443547203,-0.0,-0.0
15.02,261.7837413969286,-1540.9630986765221,163.76988789590033,-1.4995404226290276,-0.0,-0.0
15.040000000000001,261.7968735781353,-1541.189612445037,163.76636156038379,-1.499589700903335,-0.0,-0.0
15.06,261.4765955876855,-1543.5831283649234,163.3060870094843,-1.4986393054069562,-0.0,-0.0
15.08,261.48076533090625,-1544.0264671731998,163.16409321092922,-1.4976075364219679,-0.0,-0.0
15.1,261.43594546882167,-1544.1722373693124,163.0618801024311,-1.4965754550561183,-0.0,-0.0
15.120000000000001,261.2830528120234,-1544.7042878461466,162.71161508094622,-1.4928095259826888,-0.0,-0.0
15.14,261.2141363735174,-1544.8578671587964,162.69745364786831,-1.4935423724972159,-0.0,-0.0
15.16,261.10312787012305,-1544.7334292028224,162.82617669502207,-1.4921758024496252,-0.0,-0.0
15.18,260.81091481301127,-1544.4931598904284,162.61091915730756,-1.4897307811079914,-0.0,-0.0
15.200000000000001,260.8639425088274,-1544.3539867221787,162.54741209057605,-1.4909307218371104,-0.0,-0.0
15.22,261.10451809445505,-1543.9195692475694,163.10350869553454,-1.491171111352119,-0.0,-0.0
15.24,261.6772084863154,-1543.8012025485195,163.58127964517107,-1.495335084498571,-0.0,-0.0
15.26,261.54583877139805,-1543.5058213023449,163.4522176850249,-1.4961296645409916,-0.0,-0.0
15.280000000000001,261.4778050174944,-1543.4531034062709,163.37373931581624,-1.4963685002363194,-0.0,-0.0
15.3,261.3900695055022,-1542.8092506447838,163.28707076218103,-1.498001591402954,-0.0,-0.0
15.32,261.3175368846397,-1542.3885962597974,163.04788188126605,-1.4986165712647443,-0.0,-0.0
15.34,261.4039625668929,-1542.1156871639196,163.07010032039747,-1.4990389255461696,-0.0,-0.0
15.36,261.5025955650974,-1541.9604861730152,163.23304661978997,-1.4983179656396182,-0.0,-0.0
15.38,261.5172288290629,-1541.7557615839341,163.3594136898821,-1.4978229206498415,-0.0,-0.0
15.4,261.5270757423966,-1541.6738632179727,163.40765856793556,-1.4977578742991748,-0.0,-0.0
15.42,261.4770188110046,-1541.504405694392,163.3760935033154,-1.498628711096271,-0.0,-0.0
15.44,261.29010452512244,-1541.3506809869916,163.14045604235451,-1.4991006667767712,-0.0,-0.0
15.46,261.34580670175797,-1541.3031684973687,163.2022291317263,-1.4989112039080548,-0.0,-0.0
15.48,261.4771519196358,-1541.220260446218,163.31537620916475,-1.4980945630705302,-0.0,-0.0
15.5,261.5585355144135,-1541.2403188106646,163.3287627018245,-1.49835585107324,-0.0,-0.0
15.52,261.83169309602897,-1541.3212646212155,163.61394584208406,-1.4990318462656662,-0.0,-0.0
15.540000000000001,261.8273611251089,-1541.319910624165,163.64209860863457,-1.4990668429619098,-0.0,-0.0
15.56,261.8777225830597,-1541.3187091210655,163.72620844591648,-1.4994479210694598,-0.0,-0.0
15.58,262.0671456467293,-1541.3451982676713,163.85952077740683,-1.4988236001704103,-0.0,-0.0
15.6,262.0945556762316,-1541.3425087992412,163.87639910473266,-1.4986795341525836,-0.0,-0.0
15.620000000000001,262.2011881486838,-1541.3250961571168,163.90454760876352,-1.498137767708641,-0.0,-0.0
15.64,261.81527988276645,-1541.3747634910246,163.5433019428552,-1.499262995277056,-0.0,-0.0
15.66,261.83234432702693,-1541.3647097008577,163.62210056207516,-1.4991708066690985,-0.0,-0.0
15.68,261.7399265716352,-1541.3351768113803,163.61190575182752,-1.4996430516736947,-0.0,-0.0
15.700000000000001,261.73878323590867,-1541.292336600844,163.53066370913908,-1.4996985905335185,-0.0,-0.0
15.72,261.66344152903025,-1541.2738225457233,163.450950974641,-1.4998378921307047,-0.0,-0.0
15.74,261.7038616751333,-1541.2763358636748,163.50091752095284,-1.4996564281619005,-0.0,-0.0
15.76,261.79491858796433,-1541.302201221724,163.5109467238064,-1.4991234938377356,-0.0,-0.0
15.780000000000001,261.8185131942894,-1541.3760521333204,163.59665747960358,-1.4993273146026327,-0.0,-0.0
15.8,261.78946866575916,-1541.3620617245335,163.58847279423009,-1.4994666206442933,-0.0,-0.0
15.82,261.76278428554264,-1541.348046538456,163.58276132736006,-1.4996033374231388,-0.0,-0.0
15.84,262.0321693989252,-1541.2767035460831,163.7983945667348,-1.4987286587615822,-0.0,-0.0
15.860000000000001,262.5885447974991,-1541.0886327500455,164.381747221283,-1.4952200183628428,-0.0,-0.0
15.88,262.20938202995916,-1541.2853343633085,163.89973137665328,-1.498225297779774,-0.0,-0.0
15.9,262.21301069294606,-1541.317447646342,163.92087834633983,-1.4983229162163463,-0.0,-0.0
15.92,262.2268314192153,-1541.3291247707161,163.9993374003647,-1.4982603046204,-0.0,-0.0
15.94,262.1951758884237,-1541.3305825015673,163.99340997264565,-1.4983374186912533,-0.0,-0.0
15.96,262.1635203576321,-1541.3320402324184,163.9874825449266,-1.4984145327621066,-0.0,-0.0
15.98,262.0567532435222,-1541.2777592489856,163.81098307762366,-1.4988406713413769,-0.0,-0.0
16.0,262.24961610211477,-1541.2480845080388,163.9119085907809,-1.4981623793949401,-0.0,-0.0
16.02,262.2318606660636,-1541.2794349741218,163.88151231035252,-1.4980306553483989,-0.0,-0.0
16.04,261.83048764374706,-1541.3612371322386,163.61147462153926,-1.499267551606014,-0.0,-0.0
16.06,261.78179446925685,-1541.306349293456,163.61329041671914,-1.4996354337696234,-0.0,-0.0
16.080000000000002,261.724319320811,-1541.2669725578994,163.54935551401732,-1.4997532314354962,-0.0,-0.0
16.1,262.12107436016083,-1541.2465344239583,163.90456768411227,-1.4990885408172714,-0.0,-0.0
16.12,262.1534759713355,-1541.2430644928945,163.91248832111756,-1.4983314842028281,-0.0,-0.0
16.14,262.2328614913859,-1541.2857523609518,163.89662536832702,-1.4982512624362525,-0.0,-0.0
16.16,262.2264645106553,-1541.315687988707,163.86877110077583,-1.4981370176818702,-0.0,-0.0
16.18,263.27360578807287,-1540.8548747659968,164.80379247995378,-1.493700040467352,-0.0,-0.0
16.2,262.157727569573,-1541.2752025360178,163.9934348133551,-1.4984907265041512,-0.0,-0.0
16.22,262.0968657544336,-1541.262507561762,163.9001079525633,-1.4987431016796657,-0.0,-0.0
16.240000000000002,262.1192890610471,-1541.2374293883852,163.86459543081438,-1.4985706867969717,-0.0,-0.0
16.26,262.17485392650985,-1541.2226260063112,163.90594072768064,-1.4982858013771645,-0.0,-0.0
16.28,262.1761466196079,-1541.3087350830592,163.82868586786444,-1.49832845111559,-0.0,-0.0
16.3,261.89023145112577,-1541.329128602293,163.65938842877685,-1.4992057537061616,-0.0,-0.0
16.32,261.7746438955742,-1541.3281172859563,163.57329634740955,-1.4995197141662848,-0.0,-0.0
16.34,261.7524589308038,-1541.2515114434234,163.56882437752924,-1.4999668816350031,-0.0,-0.0
16.36,261.7096327828661,-1541.2510633933039,163.4530670943441,-1.5001640285827633,-0.0,-0.0
16.38,261.92453688992885,-1541.2269083917392,163.6544032316213,-1.499873590263416,-0.0,-0.0
16.4,262.22346391503964,-1541.1994100380887,163.9762980657127,-1.4990135064187324,-0.0,-0.0
16.42,262.2242294926144,-1541.2879115361231,163.87174378071467,-1.4982224460749092,-0.0,-0.0
16.44,261.7901704360352,-1541.3496043728894,163.5433128778033,-1.499333329504807,-0.0,-0.0
16.46,261.78170064161566,-1541.2863365762737,163.56541152548945,-1.4993914212179231,-0.0,-0.0
16.48,261.68265473031033,-1541.263742872037,163.47500119884006,-1.5001011129536188,-0.0,-0.0
16.5,261.60883913681386,-1541.2855039252568,163.36981987237237,-1.5000274588846456,-0.0,-0.0
16.52,261.7779988518004,-1541.2476678867888,163.5183952711622,-1.4995211087272309,-0.0,-0.0
16.54,261.84976441809596,-1541.2924893122204,163.51818359424516,-1.4994524440349315,-0.0,-0.0
16.56,261.83363514806666,-1541.3498014897873,163.55058213364262,-1.4995813203634478,-0.0,-0.0
16.580000000000002,261.86675502695016,-1541.3361530403579,163.75635902995572,-1.499634648071637,-0.0,-0.0
16.6,261.7147782713713,-1541.257128642155,163.51685390550904,-1.4999418859100706,-0.0,-0.0
16.62,261.6423999225242,-1541.274929837642,163.4278476271274,-1.4999970464359627,-0.0,-0.0
16.64,261.69987087997913,-1541.2633234640643,163.48033475274676,-1.4998535034234333,-0.0,-0.0
16.66,261.70311304714176,-1541.266674525114,163.45449005681843,-1.4996886782091912,-0.0,-0.0
16.68,261.839346458744,-1541.3373575856713,163.52780068011265,-1.4997117241343225,-0.0,-0.0
16.7,261.83554539951353,-1541.3317873379988,163.64098065242422,-1.4998936248062196,-0.0,-0.0
16.72,261.7907680463604,-1541.2992434642554,163.60245486630777,-1.499739273875789,-0.0,-0.0
16.740000000000002,261.6829351536975,-1541.2689772317751,163.46142418079887,-1.4999002352371325,-0.0,-0.0
16.76,261.65480439115254,-1541.2713148228047,163.39456013661095,-1.500037525311071,-0.0,-0.0
16.78,261.73673064865886,-1541.2577102072562,163.46143869903128,-1.4997667347142019,-0.0,-0.0
16.8,261.7948385095985,-1541.2884288812434,163.43530181337533,-1.4993578166701584,-0.0,-0.0
16.82,261.8425162997939,-1541.3683419601523,163.57030033248378,-1.4993765010361255,-0.0,-0.0
16.84,261.8370341703135,-1541.3716258556387,163.60497605324497,-1.499306547941673,-0.0,-0.0
16.86,261.7323341670667,-1541.2669277362845,163.55559758491546,-1.4997310690910295,-0.0,-0.0
16.88,261.69310605282794,-1541.2728818629375,163.50061492616436,-1.4999581661752264,-0.0,-0.0
16.9,261.65735461771516,-1541.266882941687,163.3876393614293,-1.4998545144650306,-0.0,-0.0
16.92,261.8144061667028,-1541.2356438790116,163.5529955170592,-1.4994258464377979,-0.0,-0.0
16.94,262.0904921717162,-1541.2970680005412,163.75899330301837,-1.4989188736259333,-0.0,-0.0
16.96,261.80389803490436,-1541.3491447811693,163.53117382904483,-1.4994964843024206,-0.0,-0.0
16.98,261.81885041307737,-1541.2987667241305,163.58579816990533,-1.499500782059451,-0.0,-0.0
17.0,261.7065700416348,-1541.2794085005496,163.4976017619303,-1.5004854025840135,-0.0,-0.0
17.02,261.7017611147636,-1541.2676129034385,163.47996474378388,-1.500774479972886,-0.0,-0.0
17.04,261.7444682436048,-1541.2509778797903,163.4834683443148,-1.49989994671545,-0.0,-0.0
17.06,261.8153731428054,-1541.3326940835543,163.47082128575295,-1.4994866375168823,-0.0,-0.0
17.080000000000002,261.81501459945656,-1541.3559957243187,163.49569061714297,-1.4995904731775842,-0.0,-0.0
17.1,261.8724014396079,-1541.3115252097919,163.6789753209183,-1.499345266450828,-0.0,-0.0
17.12,261.713216160708,-1541.2503927951448,163.51498159888968,-1.4998333514738313,-0.0,-0.0
17.14,261.67726735353085,-1541.2640274879132,163.45607279788103,-1.4997438010692439,-0.0,-0.0
17.16,261.72488393540357,-1541.2590023753007,163.44587188024843,-1.4998183843555575,-0.0,-0.0
17.18,261.87222917741514,-1541.2371259846147,163.59693319630026,-1.4996625733490634,-0.0,-0.0
17.2,261.8301694020436,-1541.2566361460824,163.54021397686654,-1.4994101020404869,-0.0,-0.0
17.22,261.79731648230205,-1541.3496165034758,163.5309159420118,-1.4993269215546716,-0.0,-0.0
17.240000000000002,261.76170594619737,-1541.330557516875,163.54203932133055,-1.4995347089212403,-0.0,-0.0
17.26,261.7542040237849,-1541.2987443273587,163.55624573649268,-1.4997912615029816,-0.0,-0.0
17.28,261.68115182533023,-1541.2691350641094,163.43180509517674,-1.5003163542405749,-0.0,-0.0
17.3,261.72363531432296,-1541.2604341948447,163.42207151618834,-1.5006318171129185,-0.0,-0.0
17.32,262.0561542247785,-1541.2641475449657,163.71963017702186,-1.4991119704093774,-0.0,-0.0
17.34,262.72905999370107,-1541.0790561933009,164.2226588413684,-1.4984399099847632,-0.0,-0.0
17.36,262.94227534496116,-1541.0269636984035,164.66876689780005,-1.493635877210771,-0.0,-0.0
17.38,262.0369588965374,-1541.2724018456427,163.83868571409215,-1.4987750228598469,-0.0,-0.0
17.400000000000002,262.0605625369641,-1541.2763541758993,163.83612936862804,-1.4987984417489983,-0.0,-0.0
17.42,262.1185232613317,-1541.2288475772805,163.81526589466563,-1.4986133953627927,-0.0,-0.0
17.44,262.21234605205524,-1541.2480354000916,163.89720232151555,-1.498201075526074,-0.0,-0.0
17.46,262.22136328333613,-1541.2746538462918,163.85316723381217,-1.498137784155217,-0.0,-0.0
17.48,261.86151450129523,-1541.3322939125824,163.60582899049942,-1.4991706651766843,-0.0,-0.0
17.5,261.7357543517658,-1541.2805587803575,163.49347111715014,-1.4995149781211912,-0.0,-0.0
17.52,261.6759816926905,-1541.2675280655792,163.40109416067074,-1.4998083486062828,-0.0,-0.0
17.54,261.66161680531,-1541.2718042027411,163.3731753176176,-1.5001407606232209,-0.0,-0.0
17.56,261.66690295764954,-1541.2703180008655,163.43634647902175,-1.5001726508779498,-0.0,-0.0
17.580000000000002,261.8383545183448,-1541.2661071524456,163.5339939174728,-1.4994052434413765,-0.0,-0.0
17.6,261.85465845896,-1541.2906958580659,163.53954421240263,-1.4995790732464058,-0.0,-0.0
17.62,261.797463851439,-1541.354588856217,163.57828965166541,-1.4992514664742185,-0.0,-0.0
17.64,261.7873785218166,-1541.3437452909086,163.58292859305186,-1.4993987104662152,-0.0,-0.0
17.66,261.68368958608863,-1541.2600154078425,163.47484948460158,-1.500016586966048,-0.0,-0.0
17.68,261.670409827352,-1541.2589124195306,163.41868292815724,-1.5001082771304215,-0.0,-0.0
17.7,261.7895416549794,-1541.2435098089907,163.49119528654128,-1.4994657157543554,-0.0,-0.0
17.72,261.81073012783463,-1541.3286299307279,163.4850908625262,-1.499662069666495,-0.0,-0.0
17.740000000000002,261.7900031071796,-1541.3448223056296,163.4885879216194,-1.499481145110339,-0.0,-0.0
17.76,261.76927608652454,-1541.3610146805315,163.49208498071258,-1.499300220554183,-0.0,-0.0
17.78,261.6923333596409,-1541.241802338545,163.45902453228553,-1.500012753576102,-0.0,-0.0
17.8,261.65993004114654,-1541.2589656051546,163.4066171673634,-1.5002508654061077,-0.0,-0.0
17.82,261.71744880358284,-1541.2332119884138,163.4486110493761,-1.4997722767821422,-0.0,-0.0
17.84,261.86949709408555,-1541.2458287657948,163.44648778642653,-1.4993659421027556,-0.0,-0.0
17.86,261.85308885392624,-1541.289396839961,163.44402402199822,-1.4996096295256418,-0.0,-0.0
17.88,261.8113127572187,-1541.3023490234882,163.60232635510843,-1.4995468261841511,-0.0,-0.0
17.900000000000002,261.79173184874924,-1541.2634723015276,163.56956924512232,-1.4997004015921174,-0.0,-0.0
17.92,261.7086739379666,-1541.2408242501247,163.4875023019586,-1.4999762114352369,-0.0,-0.0
17.94,261.75824740191166,-1541.2286868047404,163.46697073761274,-1.5000808532073866,-0.0,-0.0
17.96,261.7942656680088,-1541.2288716967703,163.50513234108232,-1.4994517591552279,-0.0,-0.0
17.98,261.8565481918069,-1541.2751529786271,163.49965191732844,-1.4996262393747384,-0.0,-0.0
18.0,261.4383501980355,-1541.4875101782416,163.33291993294992,-1.4967833111850644,-0.0,-0.0
18.02,261.71594132499365,-1541.4232919452995,163.58616026192092,-1.4966738709786813,-0.0,-0.0
18.04,262.098306915209,-1541.236973414693,163.8546676652165,-1.4987512149994158,-0.0,-0.0
18.06,262.0277653439085,-1541.2587333999975,163.777784685068,-1.4988211912401164,-0.0,-0.0
18.080000000000002,262.1708642782621,-1541.215135436515,163.87274172183257,-1.4983758084405723,-0.0,-0.0
18.1,262.2219960785039,-1541.2549286779254,163.85358554777872,-1.4982524129040153,-0.0,-0.0
18.12,262.19810548555773,-1541.31674411857,163.88080243411216,-1.4981363077446666,-0.0,-0.0
18.14,261.7379460504594,-1541.3365720859495,163.43728066297825,-1.4995909550669273,-0.0,-0.0
18.16,261.7695043266744,-1541.2644634650214,163.5014066374014,-1.5001537992870202,-0.0,-0.0
18.18,261.7408971894177,-1541.242332785696,163.5047430108991,-1.4998725728992468,-0.0,-0.0
18.2,261.6643296507563,-1541.2503479378602,163.3711957789618,-1.5002478489625777,-0.0,-0.0
18.22,261.78104689445325,-1541.2216202714599,163.50423102036888,-1.5002609519688062,-0.0,-0.0
18.240000000000002,261.9438054829025,-1541.2538491793362,163.57137203224735,-1.4991265417764303,-0.0,-0.0
18.26,262.1717470023022,-1541.2907973886108,163.81127939443294,-1.4985085758410974,-0.0,-0.0
18.28,261.78400439804517,-1541.2978093601441,163.47488074928924,-1.499406088440655,-0.0,-0.0
18.3,261.6956636753776,-1541.238582093214,163.47444211248407,-1.500033327201878,-0.0,-0.0
18.32,261.6259443935454,-1541.2548474970836,163.3665183604453,-1.5002287538599979,-0.0,-0.0
18.34,261.33911540163484,-1541.2361761847335,163.07630484049866,-1.498986584656927,-0.0,-0.0
18.36,261.4072043149864,-1541.204620072242,163.14202112250808,-1.4987231087604866,-0.0,-0.0
18.38,262.1258496106135,-1541.2594792111622,163.7799185013389,-1.4986849028858436,-0.0,-0.0
18.400000000000002,262.2599457920752,-1541.2991911834492,164.0193902602815,-1.498101082682952,-0.0,-0.0
18.42,262.2278592427036,-1541.288310713597,164.00078876031856,-1.498061945682937,-0.0,-0.0
18.44,262.0845787797814,-1541.2277879966396,163.78925998807674,-1.4988218896009955,-0.0,-0.0
18.46,262.07956416558227,-1541.2286680483126,163.80372232859824,-1.4985201919839803,-0.0,-0.0
18.48,262.5117344173311,-1541.0527641611839,164.0556043046408,-1.498329019357307,-0.0,-0.0
18.5,263.31626129367123,-1540.9375624520778,165.08827703800725,-1.490890397645417,-0.0,-0.0
18.52,262.0157674502706,-1541.324573863025,163.71114381879644,-1.4988848699844637,-0.0,-0.0
18.54,261.7599616562702,-1541.2997126316739,163.49900278516125,-1.4997149477872505,-0.0,-0.0
18.56,261.6809988561436,-1541.2588441083842,163.44932757571357,-1.499854245749379,-0.0,-0.0
18.580000000000002,261.69963085378714,-1541.240389619407,163.44994868249617,-1.4998189663721069,-0.0,-0.0
18.6,261.76531070540915,-1541.213832124458,163.48133910649074,-1.499699917825052,-0.0,-0.0
18.62,261.8645582414798,-1541.2453580625263,163.48554138069198,-1.4991555342547624,-0.0,-0.0
18.64,261.8187586765958,-1541.2908849881785,163.4624198422878,-1.4988173022675122,-0.0,-0.0
18.66,261.7701337641802,-1541.335715154597,163.44247791085635,-1.4984636235515134,-0.0,-0.0
18.68,261.72150885176455,-1541.3805453210157,163.42253597942488,-1.4981099448355149,-0.0,-0.0
18.7,261.67288393934894,-1541.4253754874344,163.40259404799343,-1.4977562661195163,-0.0,-0.0
18.72,261.66186719799697,-1541.2589729404208,163.40078740575157,-1.5001518239542742,-0.0,-0.0
18.740000000000002,261.76740495047125,-1541.2279716576077,163.44759558915717,-1.499787189164874,-0.0,-0.0
18.76,261.82302200720716,-1541.2187888405708,163.5215446928399,-1.499385197744594,-0.0,-0.0
18.78,261.825339201908,-1541.335918037705,163.48110647844774,-1.4994274985863703,-0.0,-0.0
18.8,261.7823123413254,-1541.2951468246206,163.53895045429192,-1.499678703505537,-0.0,-0.0
18.82,261.7346678445046,-1541.2620845742074,163.50662653084763,-1.4996904529085877,-0.0,-0.0
18.84,261.6659518255908,-1541.2592562495736,163.37959494154532,-1.5001658738775772,-0.0,-0.0
18.86,261.80691198727925,-1541.2240310256716,163.48064634936466,-1.499674361680962,-0.0,-0.0
18.88,261.8273605084585,-1541.2188625187973,163.50265722867746,-1.4995991081683535,-0.0,-0.0
18.900000000000002,261.8591100908689,-1541.3024393112773,163.4799704909237,-1.499566948988588,-0.0,-0.0
18.92,261.85512106459254,-1541.3145342297182,163.49791928149287,-1.4995768022299474,-0.0,-0.0
18.94,261.85113203831617,-1541.3266291481589,163.51586807206203,-1.4995866554713067,-0.0,-0.0
18.96,261.68560827555734,-1541.2435716604475,163.45821306052295,-1.5001571943129433,-0.0,-0.0
18.98,261.65601576869057,-1541.2496843657445,163.39013525033968,-1.5002485490469284,-0.0,-0.0
19.0,261.7769697643339,-1541.2187134354901,163.54152174406912,-1.4996778041553886,-0.0,-0.0
19.02,261.880168033513,-1541.2504909106897,163.52606927442085,-1.4997870338004509,-0.0,-0.0
19.04,261.8460049898027,-1541.2948332532417,163.49907519315116,-1.4995844907067608,-0.0,-0.0
19.06,261.84593409788863,-1541.3147420569312,163.5048233921135,-1.4994346608720293,-0.0,-0.0
19.080000000000002,261.87111223770097,-1541.3256508139243,163.5710152189003,-1.499526311706151,-0.0,-0.0
19.1,261.63525888490545,-1541.2424806690865,163.3894564881246,-1.5001247546996017,-0.0,-0.0
19.12,261.74824011385147,-1541.2321301804493,163.46988797989508,-1.4997630983051953,-0.0,-0.0
19.14,261.77311782058894,-1541.2201874128589,163.48992994089863,-1.4992471139446668,-0.0,-0.0
19.16,262.39803413702873,-1541.2235409546395,163.98688220244378,-1.498871253795333,-0.0,-0.0
19.18,262.5525208574897,-1541.126094417378,164.10003882762305,-1.4989340082512261,-0.0,-0.0
19.2,263.0909060580683,-1540.9452975601105,164.8319571694759,-1.4933838552086516,-0.0,-0.0
19.22,262.08788102455253,-1541.2215227091583,163.879563572491,-1.4987330839351818,-0.0,-0.0
19.240000000000002,262.10723147040693,-1541.2367610412862,163.87693476375,-1.499103289836127,-0.0,-0.0
19.26,262.13566724819543,-1541.2290438393313,163.88543942810438,-1.4992046418200056,-0.0,-0.0
19.28,262.1641030259839,-1541.2213266373763,163.89394409245872,-1.4993059938038844,-0.0,-0.0
19.3,262.24218005273195,-1541.2517794056394,163.84960957956224,-1.4981693281812098,-0.0,-0.0
19.32,261.80924673414734,-1541.2978118412077,163.5080918840573,-1.499540529769332,-0.0,-0.0
19.34,261.88104810878855,-1541.228095362129,163.64628839727078,-1.4994716832695056,-0.0,-0.0
19.36,262.08903083849486,-1541.2213547535728,163.8022994276041,-1.4989170038273771,-0.0,-0.0
19.38,262.1179537426763,-1541.2251497274997,163.8163264964495,-1.498621598456487,-0.0,-0.0
19.400000000000002,262.20527192205884,-1541.1890284325839,163.90735072891061,-1.4984794956784175,-0.0,-0.0
19.42,261.9338008008828,-1541.2641352308262,163.55393456688805,-1.4997921647437573,-0.0,-0.0
19.44,261.8779555342662,-1541.2966626526,163.53240845305422,-1.499654606047714,-0.0,-0.0
19.46,261.7957853423736,-1541.2722019173443,163.56037580802393,-1.4995056922494867,-0.0,-0.0
19.48,261.6598006621178,-1541.2465863856412,163.40485357886718,-1.5001438246493808,-0.0,-0.0
19.5,261.6859827560405,-1541.2416411784861,163.3987491873588,-1.5001501526858072,-0.0,-0.0
19.52,261.77257321195896,-1541.2330232616753,163.46338523985526,-1.4994571981579212,-0.0,-0.0
19.54,261.8209030748458,-1541.2285724708788,163.4718202784892,-1.499183269997538,-0.0,-0.0
19.56,261.82565555452965,-1541.3191239247633,163.49678682457187,-1.4994363809920268,-0.0,-0.0
19.580000000000002,261.78183219216555,-1541.3046992134384,163.47726375500062,-1.4996792691303762,-0.0,-0.0
19.6,262.0182083506294,-1541.2644852396184,163.78131901032827,-1.4992124954821233,-0.0,-0.0
19.62,262.02549362105975,-1541.232092493666,163.73456074635982,-1.4985616976091665,-0.0,-0.0
19.64,262.05973597241314,-1541.2270715526458,163.75685089426105,-1.4985189397353236,-0.0,-0.0
19.66,262.24051185539446,-1541.2092415382472,163.91136994252014,-1.4982830013380544,-0.0,-0.0
19.68,262.28201322116996,-1541.2137601180596,163.87660695975657,-1.4981890752835214,-0.0,-0.0
19.7,261.85922720616225,-1541.325915713179,163.5781575737726,-1.499084152485543,-0.0,-0.0
19.72,261.74274682299585,-1541.2544846693443,163.48323832140866,-1.49984589370795,-0.0,-0.0
19.740000000000002,261.71060982203204,-1541.2061155721112,163.4437212536239,-1.4999228325516358,-0.0,-0.0
19.76,261.6981137853169,-1541.244612601506,163.40355423256133,-1.5001379714940586,-0.0,-0.0
19.78,261.72034957512307,-1541.232504747704,163.40061284994152,-1.4994742227015478,-0.0,-0.0
19.8,261.8406648267838,-1541.2457095084658,163.48696406288335,-1.4993030178248758,-0.0,-0.0
19.82,261.9581511789745,-1541.3333405472629,163.66145015883725,-1.4992278967973618,-0.0,-0.0
19.84,261.82911161483133,-1541.2779391366514,163.57998613270757,-1.4995864394248763,-0.0,-0.0
19.86,261.6868273654574,-1541.2463823610526,163.4746254671072,-1.4999267348066363,-0.0,-0.0
19.88,261.6760939456438,-1541.250329927649,163.42059573401093,-1.500298021753357,-0.0,-0.0
19.900000000000002,261.68426108613085,-1541.23829990162,163.386794263121,-1.5000784354649268,-0.0,-0.0
19.92,261.8206064039291,-1541.2244097713037,163.46430568006798,-1.4993550148141794,-0.0,-0.0
19.94,262.05788284319254,-1541.2842768693001,163.65332060642007,-1.499000218169033,-0.0,-0.0
19.96,261.8283659791855,-1541.3077478589269,163.54799044089603,-1.4992955627950437,-0.0,-0.0
19.98,261.8726187323086,-1541.2066332434827,163.62117829909545,-1.4997878206234307,-0.0,-0.0
20.0,261.8282798578811,-1541.1621643914132,163.50524964366303,-1.5003661666927255,-0.0,-0.0
20.02,261.6810091067002,-1541.246112277716,163.37566783293022,-1.5000325204849185,-0.0,-0.0
20.04,261.7480592522629,-1541.2217278855526,163.45930486304297,-1.499511315053736,-0.0,-0.0
20.06,261.85358341198395,-1541.2430710701133,163.51251772693345,-1.4992466605956905,-0.0,-0.0
20.080000000000002,261.84378905857886,-1541.3213079665659,163.50292186929394,-1.499622149483987,-0.0,-0.0
20.1,261.863254724809,-1541.2846081196926,163.57628618069455,-1.4992305635234588,-0.0,-0.0
20.12,261.80655964591483,-1541.288651099001,163.56464508436633,-1.4995050001615797,-0.0,-0.0
20.14,261.7056604324752,-1541.2319949858866,163.43010843182324,-1.5000254652040275,-0.0,-0.0
20.16,261.74501790676374,-1541.213750569111,163.46079101305742,-1.499753080407563,-0.0,-0.0
20.18,261.85231154237465,-1541.2090451676124,163.5129389197847,-1.499602122353378,-0.0,-0.0
20.2,261.8880230603539,-1541.2701192052798,163.51705033595584,-1.4995241304536955,-0.0,-0.0
20.22,261.84024639991327,-1541.305408836746,163.53640446440664,-1.4990449189248851,-0.0,-0.0
20.240000000000002,261.91810867606256,-1541.234766683214,163.68841608149657,-1.4998226571623738,-0.0,-0.0
20.26,261.7020329755688,-1541.2545658717497,163.44320030779627,-1.5002491516587957,-0.0,-0.0
