timestamp_s,elapsed_s,robot_x,robot_y,robot_yaw,path_x,path_y,delta,cross_track_error,heading_error
4.273,0.0009999999999994458,-18.439999987606523,4.29001556332914,1.5700000000000198,,,0.0,0.0,0.0
,,,,,-0.015529612929899628,0.013799056587387781,,,
,,,,,0.03447038781515843,0.013799056587387781,,,
,,,,,0.08447038856021649,0.013799056587387781,,,
,,,,,0.13447038930527455,0.013799056587387781,,,
,,,,,0.1844703900503326,0.013799056587387781,,,
,,,,,0.23447039079539067,0.013799056587387781,,,
,,,,,0.28447039154044873,0.013799056587387781,,,
,,,,,0.3344703922855068,0.013799056587387781,,,
,,,,,0.38447039303056485,0.013799056587387781,,,
,,,,,0.4344703937756229,0.013799056587387781,,,
,,,,,0.48447039452068097,0.013799056587387781,,,
,,,,,0.534470395265739,0.013799056587387781,,,
,,,,,0.5844703960107971,0.013799056587387781,,,
,,,,,0.6344703967558551,0.013799056587387781,,,
,,,,,0.6844703975009132,0.013799056587387781,,,
,,,,,0.7344703982459713,-0.03620094415767028,,,
,,,,,0.7844703989910293,-0.08620094490272834,,,
,,,,,0.8344703997360874,-0.08620094490272834,,,
,,,,,0.8844704004811454,-0.08620094490272834,,,
,,,,,0.9344704012262035,-0.08620094490272834,,,
,,,,,0.9844704019712616,-0.08620094490272834,,,
,,,,,1.0344704027163196,-0.08620094490272834,,,
,,,,,1.0844704034613777,-0.08620094490272834,,,
,,,,,1.1344704042064357,-0.08620094490272834,,,
,,,,,1.1844704049514938,-0.08620094490272834,,,
,,,,,1.2344704056965519,-0.08620094490272834,,,
,,,,,1.28447040644161,-0.08620094490272834,,,
,,,,,1.334470407186668,-0.08620094490272834,,,
,,,,,1.384470407931726,-0.08620094490272834,,,
,,,,,1.434470408676784,-0.08620094490272834,,,
,,,,,1.4844704094218422,-0.08620094490272834,,,
,,,,,1.5344704101669002,-0.08620094490272834,,,
,,,,,1.5844704109119583,-0.1362009456477864,,,
,,,,,1.6344704116570163,-0.1362009456477864,,,
,,,,,1.6844704124020744,-0.1362009456477864,,,
,,,,,1.7344704131471325,-0.1362009456477864,,,
,,,,,1.7844704138921905,-0.1362009456477864,,,
,,,,,1.8344704146372486,-0.1362009456477864,,,
,,,,,1.8844704153823066,-0.1362009456477864,,,
,,,,,1.9344704161273647,-0.1362009456477864,,,
,,,,,1.9844704168724228,-0.1362009456477864,,,
,,,,,2.034470417617481,-0.1362009456477864,,,
,,,,,2.084470418362539,-0.1362009456477864,,,
,,,,,2.134470419107597,-0.1362009456477864,,,
,,,,,2.184470419852655,-0.1362009456477864,,,
,,,,,2.234470420597713,-0.1362009456477864,,,
,,,,,2.284470421342771,-0.1362009456477864,,,
,,,,,2.334470422087829,-0.1362009456477864,,,
,,,,,2.3844704228328872,-0.1362009456477864,,,
,,,,,2.4344704235779453,-0.1362009456477864,,,
,,,,,2.4844704243230034,-0.1362009456477864,,,
,,,,,2.5344704250680614,-0.1362009456477864,,,
,,,,,2.5844704258131195,-0.1362009456477864,,,
,,,,,2.6344704265581775,-0.1362009456477864,,,
,,,,,2.6844704273032356,-0.1362009456477864,,,
,,,,,2.7344704280482937,-0.1362009456477864,,,
,,,,,2.7844704287933517,-0.1362009456477864,,,
,,,,,2.8344704295384098,-0.1362009456477864,,,
,,,,,2.884470430283468,-0.1362009456477864,,,
,,,,,2.934470431028526,-0.1362009456477864,,,
,,,,,2.984470431773584,-0.1362009456477864,,,
,,,,,3.034470432518642,-0.1362009456477864,,,
,,,,,3.0844704332637,-0.1362009456477864,,,
,,,,,3.134470434008758,-0.1362009456477864,,,
,,,,,3.184470434753816,-0.1362009456477864,,,
,,,,,3.2344704354988743,-0.1362009456477864,,,
,,,,,3.2844704362439323,-0.1362009456477864,,,
,,,,,3.3344704369889904,-0.1362009456477864,,,
,,,,,3.3844704377340484,-0.1362009456477864,,,
,,,,,3.4344704384791065,-0.1362009456477864,,,
,,,,,3.4844704392241646,-0.1362009456477864,,,
,,,,,3.5344704399692226,-0.1362009456477864,,,
,,,,,3.5844704407142807,-0.1362009456477864,,,
,,,,,3.6344704414593387,-0.1362009456477864,,,
,,,,,3.684470442204397,-0.1362009456477864,,,
,,,,,3.734470442949455,-0.1362009456477864,,,
,,,,,3.784470443694513,-0.1362009456477864,,,
,,,,,3.834470444439571,-0.1362009456477864,,,
,,,,,3.884470445184629,-0.1362009456477864,,,
,,,,,3.934470445929687,-0.1362009456477864,,,
,,,,,3.984470446674745,-0.1362009456477864,,,
,,,,,4.034470447419803,-0.1362009456477864,,,
,,,,,4.084470448164861,-0.1362009456477864,,,
,,,,,4.134470448909919,-0.1362009456477864,,,
,,,,,4.184470449654977,-0.1362009456477864,,,
,,,,,4.2344704504000354,-0.1362009456477864,,,
,,,,,4.2844704511450935,-0.1362009456477864,,,
,,,,,4.334470451890152,-0.1362009456477864,,,
,,,,,4.38447045263521,-0.1362009456477864,,,
,,,,,4.434470453380268,-0.1362009456477864,,,
,,,,,4.484470454125326,-0.1362009456477864,,,
,,,,,4.534470454870384,-0.1362009456477864,,,
,,,,,4.584470455615442,-0.1362009456477864,,,
,,,,,4.6344704563605,-0.1362009456477864,,,
,,,,,4.684470457105558,-0.1362009456477864,,,
,,,,,4.734470457850616,-0.1362009456477864,,,
,,,,,4.784470458595674,-0.1362009456477864,,,
,,,,,4.834470459340732,-0.18620094639284446,,,
,,,,,4.88447046008579,-0.18620094639284446,,,
,,,,,4.934470460830848,-0.23620094713790252,,,
,,,,,4.984470461575906,-0.23620094713790252,,,
,,,,,4.984470461575906,-0.23620094713790252,,,
,,,,,4.934470460830848,-0.2862009478829606,,,
,,,,,4.88447046008579,-0.33620094862801864,,,
,,,,,4.834470459340732,-0.3862009493730767,,,
,,,,,4.784470458595674,-0.43620095011813476,,,
,,,,,4.734470457850616,-0.4862009508631928,,,
,,,,,4.684470457105558,-0.5362009516082509,,,
,,,,,4.6344704563605,-0.5862009523533089,,,
,,,,,4.584470455615442,-0.636200953098367,,,
,,,,,4.534470454870384,-0.686200953843425,,,
,,,,,4.484470454125326,-0.7362009545884831,,,
,,,,,4.434470453380268,-0.7862009553335412,,,
,,,,,4.38447045263521,-0.8362009560785992,,,
,,,,,4.38447045263521,-0.8862009568236573,,,
,,,,,4.38447045263521,-0.9362009575687154,,,
,,,,,4.38447045263521,-0.9862009583137734,,,
,,,,,4.38447045263521,-1.0362009590588315,,,
,,,,,4.38447045263521,-1.0862009598038895,,,
,,,,,4.38447045263521,-1.1362009605489476,,,
,,,,,4.38447045263521,-1.1862009612940057,,,
,,,,,4.38447045263521,-1.2362009620390637,,,
,,,,,4.38447045263521,-1.2862009627841218,,,
,,,,,4.38447045263521,-1.3362009635291798,,,
,,,,,4.38447045263521,-1.386200964274238,,,
,,,,,4.38447045263521,-1.436200965019296,,,
,,,,,4.38447045263521,-1.486200965764354,,,
,,,,,4.38447045263521,-1.536200966509412,,,
,,,,,4.38447045263521,-1.5862009672544701,,,
,,,,,4.334470451890152,-1.6362009679995282,,,
,,,,,4.334470451890152,-1.6862009687445862,,,
,,,,,4.2844704511450935,-1.7362009694896443,,,
,,,,,4.2844704511450935,-1.7862009702347024,,,
,,,,,4.2844704511450935,-1.8362009709797604,,,
,,,,,4.2344704504000354,-1.8862009717248185,,,
,,,,,4.2344704504000354,-1.9362009724698765,,,
,,,,,4.184470449654977,-1.9862009732149346,,,
,,,,,4.184470449654977,-2.0362009739599927,,,
,,,,,4.134470448909919,-2.0862009747050507,,,
,,,,,4.134470448909919,-2.136200975450109,,,
,,,,,4.084470448164861,-2.186200976195167,,,
,,,,,4.084470448164861,-2.236200976940225,,,
,,,,,4.034470447419803,-2.286200977685283,,,
,,,,,4.034470447419803,-2.336200978430341,,,
,,,,,4.034470447419803,-2.386200979175399,,,
,,,,,3.984470446674745,-2.436200979920457,,,
,,,,,3.984470446674745,-2.486200980665515,,,
,,,,,3.934470445929687,-2.5362009814105733,,,
,,,,,3.934470445929687,-2.5862009821556313,,,
,,,,,3.934470445929687,-2.6362009829006894,,,
,,,,,3.934470445929687,-2.6862009836457474,,,
,,,,,3.934470445929687,-2.7362009843908055,,,
,,,,,3.934470445929687,-2.7862009851358636,,,
,,,,,3.934470445929687,-2.8362009858809216,,,
,,,,,3.934470445929687,-2.8862009866259797,,,
,,,,,3.934470445929687,-2.9362009873710377,,,
,,,,,3.884470445184629,-2.986200988116096,,,
,,,,,3.834470444439571,-3.036200988861154,,,
,,,,,3.784470443694513,-3.086200989606212,,,
,,,,,3.734470442949455,-3.13620099035127,,,
,,,,,3.684470442204397,-3.186200991096328,,,
,,,,,3.6344704414593387,-3.236200991841386,,,
,,,,,3.5844704407142807,-3.286200992586444,,,
,,,,,3.5844704407142807,-3.336200993331502,,,
,,,,,3.5344704399692226,-3.3862009940765603,,,
,,,,,3.5344704399692226,-3.4362009948216183,,,
,,,,,3.5344704399692226,-3.4362009948216183,,,
,,,,,3.4844704392241646,-3.3862009940765603,,,
,,,,,3.4344704384791065,-3.336200993331502,,,
,,,,,3.3844704377340484,-3.286200992586444,,,
,,,,,3.3344704369889904,-3.236200991841386,,,
,,,,,3.2844704362439323,-3.186200991096328,,,
,,,,,3.2344704354988743,-3.13620099035127,,,
,,,,,3.184470434753816,-3.086200989606212,,,
,,,,,3.134470434008758,-3.036200988861154,,,
,,,,,3.0844704332637,-2.986200988116096,,,
,,,,,3.034470432518642,-2.9362009873710377,,,
,,,,,3.034470432518642,-2.8862009866259797,,,
,,,,,3.034470432518642,-2.8362009858809216,,,
,,,,,3.034470432518642,-2.7862009851358636,,,
,,,,,3.034470432518642,-2.7362009843908055,,,
,,,,,3.034470432518642,-2.6862009836457474,,,
,,,,,3.034470432518642,-2.6362009829006894,,,
,,,,,3.034470432518642,-2.5862009821556313,,,
,,,,,3.034470432518642,-2.5362009814105733,,,
,,,,,3.034470432518642,-2.486200980665515,,,
,,,,,3.034470432518642,-2.436200979920457,,,
,,,,,3.034470432518642,-2.386200979175399,,,
,,,,,3.034470432518642,-2.336200978430341,,,
,,,,,3.034470432518642,-2.286200977685283,,,
,,,,,3.034470432518642,-2.236200976940225,,,
,,,,,3.034470432518642,-2.186200976195167,,,
,,,,,3.034470432518642,-2.136200975450109,,,
,,,,,3.034470432518642,-2.0862009747050507,,,
,,,,,3.034470432518642,-2.0362009739599927,,,
,,,,,3.034470432518642,-1.9862009732149346,,,
,,,,,3.034470432518642,-1.9362009724698765,,,
,,,,,3.034470432518642,-1.8862009717248185,,,
,,,,,3.034470432518642,-1.8362009709797604,,,
,,,,,3.034470432518642,-1.7862009702347024,,,
,,,,,3.034470432518642,-1.7362009694896443,,,
,,,,,2.984470431773584,-1.6862009687445862,,,
,,,,,2.934470431028526,-1.6362009679995282,,,
,,,,,2.884470430283468,-1.5862009672544701,,,
,,,,,2.8344704295384098,-1.536200966509412,,,
,,,,,2.7844704287933517,-1.486200965764354,,,
,,,,,2.7344704280482937,-1.436200965019296,,,
,,,,,2.6844704273032356,-1.386200964274238,,,
,,,,,2.6344704265581775,-1.3362009635291798,,,
,,,,,2.5844704258131195,-1.2862009627841218,,,
,,,,,2.5344704250680614,-1.2362009620390637,,,
,,,,,2.4844704243230034,-1.1862009612940057,,,
,,,,,2.4344704235779453,-1.1362009605489476,,,
,,,,,2.3844704228328872,-1.0862009598038895,,,
,,,,,2.334470422087829,-1.0862009598038895,,,
,,,,,2.284470421342771,-1.0862009598038895,,,
,,,,,2.234470420597713,-1.0862009598038895,,,
,,,,,2.184470419852655,-1.0862009598038895,,,
,,,,,2.134470419107597,-1.0862009598038895,,,
,,,,,2.084470418362539,-1.0862009598038895,,,
,,,,,2.034470417617481,-1.0862009598038895,,,
,,,,,1.9844704168724228,-1.0862009598038895,,,
,,,,,1.9344704161273647,-1.0362009590588315,,,
,,,,,1.8844704153823066,-0.9862009583137734,,,
,,,,,1.8344704146372486,-0.9362009575687154,,,
,,,,,1.7844704138921905,-0.8862009568236573,,,
,,,,,1.7344704131471325,-0.8362009560785992,,,
,,,,,1.6844704124020744,-0.7862009553335412,,,
,,,,,1.6344704116570163,-0.7362009545884831,,,
,,,,,1.5844704109119583,-0.7362009545884831,,,
,,,,,1.5344704101669002,-0.686200953843425,,,
,,,,,1.4844704094218422,-0.686200953843425,,,
,,,,,1.434470408676784,-0.636200953098367,,,
,,,,,1.384470407931726,-0.636200953098367,,,
,,,,,1.334470407186668,-0.5862009523533089,,,
,,,,,1.28447040644161,-0.5862009523533089,,,
,,,,,1.2344704056965519,-0.5362009516082509,,,
,,,,,1.1844704049514938,-0.5362009516082509,,,
,,,,,1.1344704042064357,-0.4862009508631928,,,
,,,,,1.0844704034613777,-0.4862009508631928,,,
,,,,,1.0344704027163196,-0.4862009508631928,,,
,,,,,0.9844704019712616,-0.43620095011813476,,,
,,,,,0.9344704012262035,-0.43620095011813476,,,
,,,,,0.8844704004811454,-0.3862009493730767,,,
,,,,,0.8344703997360874,-0.3862009493730767,,,
,,,,,0.7844703989910293,-0.33620094862801864,,,
,,,,,0.7344703982459713,-0.33620094862801864,,,
,,,,,0.6844703975009132,-0.2862009478829606,,,
,,,,,0.6344703967558551,-0.2862009478829606,,,
,,,,,0.5844703960107971,-0.23620094713790252,,,
,,,,,0.534470395265739,-0.23620094713790252,,,
,,,,,0.48447039452068097,-0.23620094713790252,,,
,,,,,0.4344703937756229,-0.18620094639284446,,,
,,,,,0.38447039303056485,-0.18620094639284446,,,
,,,,,0.3344703922855068,-0.1362009456477864,,,
,,,,,0.28447039154044873,-0.1362009456477864,,,
,,,,,0.23447039079539067,-0.08620094490272834,,,
,,,,,0.1844703900503326,-0.08620094490272834,,,
,,,,,0.13447038930527455,-0.03620094415767028,,,
,,,,,0.08447038856021649,-0.03620094415767028,,,
,,,,,0.03447038781515843,0.013799056587387781,,,
,,,,,-0.015529612929899628,0.013799056587387781,,,
4.292,0.019999999999999574,-18.439999984583025,4.290019360129331,1.570000000000023,,,0.0,0.0,0.0
4.316,0.043999999999999595,-18.439999981397722,4.290023360130508,1.5700000000000236,,,0.0,0.0,0.0
4.336,0.06400000000000006,-18.43999997807972,4.290027526762487,1.5700000000000252,,,0.0,0.0,0.0
4.357,0.08499999999999996,-18.439975908386003,4.290211713920942,1.5699580266921034,,,-0.06658574499618616,-0.0005288997456329181,-0.0663706125792423
4.375,0.10299999999999976,-18.439896716076714,4.292857081243334,1.569709641532221,,,-0.06658574499618616,-0.0005288997456329181,-0.0663706125792423
4.397,0.125,-18.439795518991584,4.29942244623568,1.5694260563962756,,,-0.06658574499618616,-0.0005288997456329181,-0.0663706125792423
4.414,0.14199999999999946,-18.439669016633193,4.309907803591331,1.5690981905853836,,,-0.06658574499618616,-0.0005288997456329181,-0.0663706125792423
4.434,0.16199999999999992,-18.439513092418757,4.324313148979275,1.5687155605538647,,,-0.06658574499618616,-0.0005288997456329181,-0.0663706125792423
4.456,0.18400000000000016,-18.439322681507246,4.342638478868635,1.568265956997033,,,-0.06645156655809208,-0.000504143668574233,-0.06624655957387997
4.477,0.20500000000000007,-18.439091608848994,4.364883790385996,1.5677350727840957,,,-0.06645156655809208,-0.000504143668574233,-0.06624655957387997
4.501,0.2290000000000001,-18.43881233100964,4.391049081380256,1.5671060746254613,,,-0.06645156655809208,-0.000504143668574233,-0.06624655957387997
4.52,0.24799999999999933,-18.438475826662355,4.421134349908896,1.5663591004276278,,,-0.1359480370245729,-0.01231362025318525,-0.1302053366310539
4.536,0.26399999999999935,-18.438124797974677,4.455139457583021,1.5654705290583613,,,-0.1359480370245729,-0.01231362025318525,-0.1302053366310539
4.557,0.28500000000000014,-18.437719587085066,4.493064537541434,1.5644121289441846,,,-0.1359480370245729,-0.01231362025318525,-0.1302053366310539
4.581,0.30900000000000016,-18.43723359946841,4.534909590987254,1.5631513061780717,,,-0.1359480370245729,-0.01231362025318525,-0.1302053366310539
4.6,0.3279999999999994,-18.43665120174574,4.580674617323096,1.5616490781072583,,,-0.1359480370245729,-0.01231362025318525,-0.1302053366310539
4.621,0.3490000000000002,-18.435953702412945,4.6303596161798755,1.5598594252968405,,,-0.10610357871176365,-0.030138128516025972,-0.09269708499517554
4.64,0.36799999999999944,-18.43507027928164,4.683935291668022,1.5576280015996669,,,-0.10610357871176365,-0.030138128516025972,-0.09269708499517554
4.66,0.3879999999999999,-18.433992239142164,4.741423615813878,1.5549647566233067,,,-0.10610357871176365,-0.030138128516025972,-0.09269708499517554
4.678,0.4059999999999997,-18.432695712515432,4.802831913040923,1.5518170553184667,,,-0.10610357871176365,-0.030138128516025972,-0.09269708499517554
4.693,0.4209999999999994,-18.431139979358818,4.868160184196527,1.5480950181253368,,,-0.10610357871176365,-0.030138128516025972,-0.09269708499517554
4.715,0.4429999999999996,-18.42927655711248,4.9374084306191754,1.5436951433204822,,,-0.10610357871176365,-0.030138128516025972,-0.09269708499517554
4.736,0.4639999999999995,-18.427047926678195,5.01057665428665,1.538498954617313,,,-0.0913598218820214,-0.023154004142814537,-0.08137124887160714
4.759,0.4870000000000001,-18.424280455575584,5.087049599737537,1.528906354588155,,,-0.0913598218820214,-0.023154004142814537,-0.08137124887160714
4.775,0.5030000000000001,-18.420481372984966,5.165999874957339,1.5171606833085574,,,-0.0913598218820214,-0.023154004142814537,-0.08137124887160714
4.791,0.5190000000000001,-18.41577472024731,5.245864082254415,1.5061512143488582,,,-0.0913598218820214,-0.023154004142814537,-0.08137124887160714
4.813,0.5409999999999995,-18.41018668508034,5.325703814977491,1.4951372668797607,,,-0.03733046241777774,-0.08589727993023598,-0.0026929624256020477
4.837,0.5649999999999995,-18.40348746995905,5.4062472797767125,1.4842216853689472,,,-0.03733046241777774,-0.08589727993023598,-0.0026929624256020477
4.8580000000000005,0.5860000000000003,-18.39570006877343,5.490384900586861,1.4752625846122378,,,-0.03733046241777774,-0.08589727993023598,-0.0026929624256020477
4.88,0.6079999999999997,-18.38724490766968,5.576482862612963,1.470350350687655,,,-0.03733046241777774,-0.08589727993023598,-0.0026929624256020477
4.892,0.6200000000000001,-18.37836614085876,5.6625840238899166,1.4654850256990666,,,-0.03733046241777774,-0.08589727993023598,-0.0026929624256020477
4.911,0.6389999999999993,-18.36906474659726,5.748675608590072,1.4606177278237735,,,0.02886005291672908,-0.0501108917355152,0.04995947047601354
4.933,0.6609999999999996,-18.359503386689504,5.834210749860057,1.4561511988682472,,,0.02886005291672908,-0.0501108917355152,0.04995947047601354
4.958,0.6859999999999999,-18.3503386099761,5.916725801454908,1.4599037249715283,,,0.02886005291672908,-0.0501108917355152,0.04995947047601354
4.977,0.7050000000000001,-18.34131280843147,5.998843668891485,1.4627800672736273,,,0.02886005291672908,-0.0501108917355152,0.04995947047601354
4.993,0.7210000000000001,-18.332513317483283,6.081027680343618,1.4655972016003134,,,0.02886005291672908,-0.0501108917355152,0.04995947047601354
5.013,0.7409999999999997,-18.323945645559085,6.163256391057932,1.4684697686791142,,,0.02886005291672908,-0.033780556791697,0.11531457281289217
5.033,0.7610000000000001,-18.3158533227274,6.2451664859483245,1.4714696616193848,,,0.09956021192927371,-0.033780556791697,0.11531457281289217
5.055,0.7829999999999995,-18.308783057000205,6.323686865208752,1.4781341318842567,,,0.09956021192927371,-0.033780556791697,0.11531457281289217
5.074,0.8019999999999996,-18.302528760800232,6.398934569734137,1.4900763073906993,,,0.09956021192927371,-0.033780556791697,0.11531457281289217
5.093,0.8209999999999997,-18.29696645952184,6.472367835857978,1.5008189801804892,,,0.09956021192927371,-0.033780556791697,0.11531457281289217
5.111,0.8389999999999995,-18.29219388638076,6.54587565932913,1.5116096987458452,,,0.09956021192927371,-0.033780556791697,0.11531457281289217
5.132,0.8599999999999994,-18.288127444792554,6.619654002989502,1.5224964706192217,,,0.09985748488455409,0.007383080770657781,0.09664617639474593
5.154,0.8819999999999997,-18.284895884330165,6.696218816562912,1.532856949626984,,,0.09985748488455409,0.007383080770657781,0.09664617639474593
5.173,0.9009999999999998,-18.282343948707,6.774246528719863,1.5390230470521054,,,0.09985748488455409,0.007383080770657781,0.09664617639474593
5.193,0.9209999999999994,-18.28025094239777,6.854085263962887,1.5508909716884585,,,0.09985748488455409,0.007383080770657781,0.09664617639474593
5.216,0.944,-18.279115784960606,6.933982988675753,1.5628863706359502,,,0.057346329244385305,0.028744470378370773,0.04567883962811803
5.233,0.9609999999999994,-18.278941842524116,7.013985578944468,1.5748426976119674,,,0.057346329244385305,0.028744470378370773,0.04567883962811803
5.254,0.9819999999999993,-18.27976514068353,7.09668930500229,1.586542589709251,,,0.057346329244385305,0.028744470378370773,0.04567883962811803
5.272,1.0,-18.281536431348215,7.182698124302535,1.5956655092599699,,,0.057346329244385305,0.028744470378370773,0.04567883962811803
5.2940000000000005,1.0220000000000002,-18.28399355030639,7.269177294764376,1.6031090189748496,,,0.057346329244385305,0.028744470378370773,0.04567883962811803
5.316,1.0439999999999996,-18.287094584255616,7.35564190419679,1.610554135798897,,,-0.0055595982909172606,0.020588465917348833,-0.01332237380270618
5.34,1.0679999999999996,-18.2908609405169,7.442116546308504,1.6179993483587949,,,-0.0055595982909172606,0.020588465917348833,-0.01332237380270618
5.352,1.08,-18.29555725685858,7.530727473424387,1.6258280263491653,,,-0.0055595982909172606,0.020588465917348833,-0.01332237380270618
5.376,1.104,-18.300934662296132,7.623059362570796,1.6306148645976706,,,-0.0055595982909172606,0.020588465917348833,-0.01332237380270618
5.399,1.1269999999999998,-18.306524758279156,7.716966043197095,1.629841726120852,,,-0.0055595982909172606,0.020588465917348833,-0.01332237380270618
5.415,1.1429999999999998,-18.31204141280852,7.810883747872406,1.6290550623993916,,,-0.048611200697686006,0.0035976430082126603,-0.0500349776187083
5.433,1.1609999999999996,-18.317484389554625,7.90480904948509,1.6282687716655126,,,-0.048611200697686006,0.0035976430082126603,-0.0500349776187083
5.456,1.1840000000000002,-18.320763925027194,7.996520266821482,1.6263619858124796,,,-0.048611200697686006,0.0035976430082126603,-0.0500349776187083
5.473,1.2009999999999996,-18.32159310755421,8.085101609192153,1.621077395532375,,,-0.048611200697686006,0.0035976430082126603,-0.0500349776187083
5.494,1.2219999999999995,-18.321637255372384,8.169707290275483,1.6160744075988558,,,-0.048611200697686006,0.0035976430082126603,-0.0500349776187083
5.5120000000000005,1.2400000000000002,-18.321663445436318,8.250393522864309,1.6125343506907102,,,-0.05499737342441142,-0.01626964431953832,-0.04846784346704959
5.538,1.266,-18.321675819650892,8.327160209752979,1.6103470875943828,,,-0.05499737342441142,-0.01626964431953832,-0.04846784346704959
5.5600000000000005,1.2880000000000003,-18.32167757910114,8.400007271605132,1.6093402575731126,,,-0.05499737342441142,-0.01626964431953832,-0.04846784346704959
5.58,1.3079999999999998,-18.321677447128636,8.468934638044871,1.608555745565954,,,-0.05499737342441142,-0.01626964431953832,-0.04846784346704959
5.599,1.327,-18.32167733984024,8.533942256374841,1.6077712131066548,,,-0.05499737342441142,-0.01626964431953832,-0.04846784346704959
5.62,1.3479999999999999,-18.321677252622813,8.595030084934315,1.6069866639649328,,,-0.045162846867504935,-0.028374187531794208,-0.033909983330980206
5.641,1.3689999999999998,-18.321677181724667,8.652198089649147,1.6062021012233108,,,-0.045162846867504935,-0.028374187531794208,-0.033909983330980206
5.661,1.3889999999999993,-18.321677124094787,8.705446242650204,1.6054175274035354,,,-0.045162846867504935,-0.028374187531794208,-0.033909983330980206
5.68,1.4079999999999995,-18.321677077252126,8.75477452114343,1.604632944569667,,,-0.045162846867504935,-0.028374187531794208,-0.033909983330980206
5.694,1.4219999999999997,-18.321677039179193,8.800182906485654,1.603848354412188,,,-0.045162846867504935,-0.028374187531794208,-0.033909983330980206
5.713,1.4409999999999998,-18.321677008235543,8.841671383428714,1.6030637583167089,,,-0.17102833466310083,-0.08068208113518133,-0.12997693404813027
5.735,1.463,-18.321676983087336,8.879239939501215,1.6022791574200699,,,-0.17102833466310083,-0.08068208113518133,-0.12997693404813027
5.76,1.4879999999999995,-18.321676962650102,8.91288856450289,1.60149455265625,,,-0.17102833466310083,-0.08068208113518133,-0.12997693404813027
5.781,1.5089999999999995,-18.32167694604214,8.942617250090997,1.600709944793902,,,-0.17102833466310083,-0.08068208113518133,-0.12997693404813027
5.799,1.5270000000000001,-18.32167693254662,8.968425989442112,1.59992533446711,,,-0.17102833466310083,-0.08068208113518133,-0.12997693404813027
5.82,1.548,-18.32167692158083,8.99031477697541,1.5991407222005967,,,-0.2938206092804724,-0.13158419721777104,-0.21152612703342671
5.84,1.5679999999999996,-18.32167691267104,9.008283608126405,1.5983561084304372,,,-0.2938206092804724,-0.13158419721777104,-0.21152612703342671
5.852,1.58,-18.32167763236782,9.022332480094247,1.5977457080341688,,,-0.2938206092804724,-0.13158419721777104,-0.21152612703342671
5.873,1.601,-18.321679480975344,9.032461393154781,1.597944865772236,,,-0.2938206092804724,-0.13158419721777104,-0.21152612703342671
5.897,1.625,-18.32167713161209,9.038867421515654,1.6005884023395562,,,-0.2938206092804724,-0.13158419721777104,-0.21152612703342671
5.917,1.6449999999999996,-18.321668785162544,9.042543974449623,1.6138667404188325,,,-0.288987055248777,-0.13059524470475756,-0.20791000506400742
5.937,1.665,-18.321656870679632,9.043612323756854,1.6390046525913662,,,-0.288987055248777,-0.13059524470475756,-0.20791000506400742
5.956,1.6840000000000002,-18.321656867257182,9.043612307173069,1.6690045551943145,,,-0.288987055248777,-0.13059524470475756,-0.20791000506400742
5.981,1.7089999999999996,-18.32165686404689,9.043612293727021,1.6990044731386094,,,-0.288987055248777,-0.13059524470475756,-0.20791000506400742
5.9990000000000006,1.7270000000000003,-18.32165686108731,9.043612282839124,1.7290044036239032,,,-0.288987055248777,-0.13059524470475756,-0.20791000506400742
6.016,1.7439999999999998,-18.321656858395574,9.043612274034825,1.759004344362232,,,-0.39185824615618087,-0.1462646561661287,-0.28646951093341
6.035,1.763,-18.321656855973917,9.043612266925923,1.7890042934838697,,,-0.39185824615618087,-0.1462646561661287,-0.28646951093341
6.053,1.7809999999999997,-18.321656853814552,9.043612261195141,1.8190042494604746,,,-0.39185824615618087,-0.1462646561661287,-0.28646951093341
6.076,1.8039999999999994,-18.32165685190322,9.043612256583414,1.8490042110425269,,,-0.39185824615618087,-0.1462646561661287,-0.28646951093341
6.098,1.8259999999999996,-18.321656850221864,9.043612252879388,1.8790041772083526,,,-0.39185824615618087,-0.1462646561661287,-0.28646951093341
6.12,1.8479999999999999,-18.32165684875047,9.043612249910785,1.9090041471225074,,,-0.5987185507828584,-0.17567823812802694,-0.43534157226775205
6.138,1.8659999999999997,-18.32165684746843,9.043612247537325,1.939004120101813,,,-0.5987185507828584,-0.17567823812802694,-0.43534157226775205
6.154,1.8819999999999997,-18.321656846355385,9.043612245644871,1.9690040955875918,,,-0.5987185507828584,-0.17567823812802694,-0.43534157226775205
6.172,1.8999999999999995,-18.321656845391878,9.043612244140649,1.9990040731229746,,,-0.5987185507828584,-0.17567823812802694,-0.43534157226775205
6.2,1.928,-18.321656844559715,9.043612242949305,2.0290040523343493,,,-0.5987185507828584,-0.17567823812802694,-0.43534157226775205
6.22,1.9479999999999995,-18.321656843842142,9.043612242009724,2.0590040329162007,,,-0.817572319116488,-0.2026674189456703,-0.5842256137193305
6.233,1.9609999999999994,-18.32334591638338,9.045314006497778,2.088992718096068,,,-0.817572319116488,-0.2026674189456703,-0.5842256137193305
6.254,1.9819999999999993,-18.327956095897513,9.04814197293556,2.113743090670432,,,-0.817572319116488,-0.2026674189456703,-0.5842256137193305
6.274,2.002,-18.33627082556678,9.054246191116547,2.1368039026056724,,,-0.817572319116488,-0.2026674189456703,-0.5842256137193305
6.3,2.0279999999999996,-18.34780029734897,9.064269873790119,2.1629484255774796,,,-0.817572319116488,-0.2026674189456703,-0.5842256137193305
6.314,2.042,-18.360398691740322,9.078213291895286,2.1929652348825135,,,-1.5983934873289696,-0.3228238453738368,-1.0496734176178981
6.333,2.061,-18.372578790829017,9.094299447546028,2.21435612237551,,,-1.5983934873289696,-0.3228238453738368,-1.0496734176178981
6.352,2.08,-18.382611976089105,9.107763230982489,2.218279883100011,,,-1.5983934873289696,-0.3228238453738368,-1.0496734176178981
6.373,2.101,-18.390811616309957,9.118803546252707,2.2101850458500194,,,-1.5983934873289696,-0.3228238453738368,-1.0496734176178981
6.393,2.1209999999999996,-18.396779717342543,9.127002264749645,2.1848601587298275,,,-1.5983934873289696,-0.3228238453738368,-1.0496734176178981
6.413,2.141,-18.401926401320658,9.13452649809631,2.154869520279972,,,-1.5983934873289696,-0.3228238453738368,-1.0496734176178981
6.436,2.1639999999999997,-18.406845573433927,9.142202655769873,2.124877178797155,,,-1.5983934873289696,-0.3228238453738368,-1.0496734176178981
6.46,2.1879999999999997,-18.41153266529836,9.150023687105701,2.0948834443485236,,,-2.2563871242993345,-0.4158537556384991,-1.498412400495364
6.474,2.202,-18.414643509128783,9.155986877499789,2.06496877253995,,,-2.2563871242993345,-0.4158537556384991,-1.498412400495364
6.492,2.2199999999999998,-18.417216079367833,9.160928345553115,2.0349758251929613,,,-2.2563871242993345,-0.4158537556384991,-1.498412400495364
6.521,2.2489999999999997,-18.419639333276063,9.165944971894156,2.0049815957342574,,,-2.3880060371357006,-0.44331788155153484,-1.588068863684845
6.538,2.266,-18.421827103813328,9.170846985507184,1.974986425874143,,,-2.3880060371357006,-0.44331788155153484,-1.588068863684845
6.556,2.284,-18.42381299715819,9.1756784128243,1.9449904435277834,,,-2.3880060371357006,-0.44331788155153484,-1.588068863684845
6.58,2.308,-18.425653094324254,9.18056734264621,1.9149937318612231,,,-2.3880060371357006,-0.44331788155153484,-1.588068863684845
6.599,2.327,-18.42734573004753,9.185509356513954,1.8849964237068424,,,-2.3880060371357006,-0.44331788155153484,-1.588068863684845
6.618,2.346,-18.4288893739306,9.190499991392414,1.8549986277045636,,,-2.4804106440020233,-0.45800526911070955,-1.6581760761304323
6.633,2.3609999999999998,-18.430255840142806,9.195435068062581,1.8250004522167727,,,-2.4804106440020233,-0.45800526911070955,-1.6581760761304323
6.654,2.3819999999999997,-18.431448371935026,9.200308791856314,1.7950019641964097,,,-2.4804106440020233,-0.45800526911070955,-1.6581760761304323
6.673,2.401,-18.43249417735161,9.205216130787278,1.7650032032259186,,,-2.4804106440020233,-0.45800526911070955,-1.6581760761304323
6.691,2.4189999999999996,-18.43339231319458,9.210152661765978,1.7350042190206254,,,-2.4804106440020233,-0.45800526911070955,-1.6581760761304323
6.712,2.4399999999999995,-18.43414196970123,9.215113936626967,1.7050050522430695,,,-2.510556790057373,-0.4417962299223824,-1.7040201691787364
6.741,2.4689999999999994,-18.43473902549747,9.220064562322456,1.6750057382906929,,,-2.510556790057373,-0.4417962299223824,-1.7040201691787364
6.757,2.4849999999999994,-18.43518284211619,9.224984422963665,1.6450063046804506,,,-2.510556790057373,-0.4417962299223824,-1.7040201691787364
6.775,2.503,-18.435478883297275,9.229915395609762,1.6150067703897173,,,-2.510556790057373,-0.4417962299223824,-1.7040201691787364
6.797,2.5249999999999995,-18.43562688229359,9.234853040213412,1.5850071537724122,,,-2.510556790057373,-0.4417962299223824,-1.7040201691787364
6.815,2.543,-18.43562670570941,9.239792911172326,1.55500746980199,,,-2.510556790057373,-0.4417962299223824,-1.7040201691787364
6.837,2.5649999999999995,-18.435478353586568,9.244730561250853,1.5250077306868328,,,-2.3906498530779334,-0.47206580199359655,-1.5600205523731887
6.86,2.588,-18.435181959378827,9.249661545516643,1.4950079464394759,,,-2.3906498530779334,-0.47206580199359655,-1.5600205523731887
6.872,2.5999999999999996,-18.43472288392725,9.254732794750192,1.4650081120325165,,,-2.3906498530779334,-0.47206580199359655,-1.5600205523731887
6.893,2.6209999999999996,-18.43410184206005,9.25989532377807,1.4350088727454415,,,-2.3906498530779334,-0.47206580199359655,-1.5600205523731887
6.9190000000000005,2.6470000000000002,-18.433324195383726,9.265037609658776,1.4050159181943294,,,-2.369241507640821,-0.4315407550461229,-1.5837974747416996
6.9350000000000005,2.6630000000000003,-18.432391904100356,9.27015873089402,1.37502161675887,,,-2.369241507640821,-0.4315407550461229,-1.5837974747416996
6.953,2.681,-18.431304248410108,9.275260253049026,1.3450262183243875,,,-2.369241507640821,-0.4315407550461229,-1.5837974747416996
6.973,2.7009999999999996,-18.430063568138962,9.280329112591097,1.3150299216861896,,,-2.369241507640821,-0.4315407550461229,-1.5837974747416996
6.995,2.723,-18.42867084300877,9.285360680753026,1.2850328941114821,,,-2.369241507640821,-0.4315407550461229,-1.5837974747416996
7.016,2.7439999999999998,-18.427127194154515,9.29035036441355,1.2550352722667628,,,-2.2320564043085622,-0.45440255442863914,-1.4338170970670914
7.04,2.768,-18.425420569730694,9.295321639709362,1.2250371724395497,,,-2.2320564043085622,-0.45440255442863914,-1.4338170970670914
7.056,2.784,-18.423444583442013,9.300571034176619,1.195038649169281,,,-2.2320564043085622,-0.45440255442863914,-1.4338170970670914
7.074,2.8019999999999996,-18.421279407530342,9.305809218849584,1.165110469739612,,,-2.2320564043085622,-0.45440255442863914,-1.4338170970670914
7.093,2.8209999999999997,-18.418948220835436,9.311030246050695,1.1351113520528657,,,-2.2320564043085622,-0.45440255442863914,-1.4338170970670914
7.113,2.841,-18.416460555091106,9.316180922230656,1.105112082594026,,,-2.2320564043085622,-0.45440255442863914,-1.4338170970670914
7.135,2.8629999999999995,-18.413818534475084,9.3212565519251,1.0751126922802308,,,-2.0813656243419696,-0.47328471980437326,-1.2808113442216966
7.155,2.883,-18.41071881831936,9.326768474373928,1.0451677893231917,,,-2.0813656243419696,-0.47328471980437326,-1.2808113442216966
7.174,2.902,-18.407444909815776,9.332231666696302,1.0151681991482369,,,-2.0813656243419696,-0.47328471980437326,-1.2808113442216966
7.193,2.9209999999999994,-18.404007464609514,9.337595981404357,0.9851685444680568,,,-2.0813656243419696,-0.47328471980437326,-1.2808113442216966
7.211,2.939,-18.400409469736882,9.3428565204406,0.9551688406795158,,,-2.0813656243419696,-0.47328471980437326,-1.2808113442216966
7.234,2.9619999999999997,-18.396654058691265,9.34800847673765,0.9251691003748281,,,-1.8701988049343294,-0.4908291603367317,-1.0843341912705644
7.253,2.981,-18.392131393972154,9.353783172872095,0.8953063693503869,,,-1.8701988049343294,-0.4908291603367317,-1.0843341912705644
7.28,3.008,-18.387284682914927,9.35965877642928,0.8653064184441323,,,-1.8701988049343294,-0.4908291603367317,-1.0843341912705644
7.301,3.029,-18.382262514336887,9.365387934828483,0.8353064676733327,,,-1.8701988049343294,-0.4908291603367317,-1.0843341912705644
7.32,3.048,-18.377069315404476,9.370965408376582,0.8053065213517221,,,-1.7503075348683816,-0.4973741105186315,-0.9808290491765862
7.341,3.069,-18.37170966911845,9.376386091559372,0.7753065830168703,,,-1.7503075348683816,-0.4973741105186315,-0.9808290491765862
7.361,3.0889999999999995,-18.365731296986453,9.382082169883391,0.7453112413972585,,,-1.7503075348683816,-0.4973741105186315,-0.9808290491765862
7.381,3.109,-18.35937266252807,9.387784813508588,0.71531121149842,,,-1.7503075348683816,-0.4973741105186315,-0.9808290491765862
7.394,3.122,-18.35284422876053,9.393295510977904,0.6853111986397333,,,-1.7503075348683816,-0.4973741105186315,-0.9808290491765862
7.418,3.146,-18.346151790675744,9.398609206785554,0.6553112045927271,,,-1.7752989606880996,-0.40660387410136484,-1.093727858092163
7.439,3.167,-18.339301293336852,9.403721020631625,0.6253112308099968,,,-1.7752989606880996,-0.40660387410136484,-1.093727858092163
7.458,3.186,-18.332528977849883,9.408464587847385,0.5953113699517629,,,-1.7752989606880996,-0.40660387410136484,-1.093727858092163
7.472,3.2,-18.32572389686939,9.412931591533935,0.5653112301839549,,,-1.7752989606880996,-0.40660387410136484,-1.093727858092163
7.497,3.2249999999999996,-18.318787081595474,9.41719501607704,0.5353108743134858,,,-1.7752989606880996,-0.40660387410136484,-1.093727858092163
7.52,3.2479999999999993,-18.311723617380153,9.42124946110586,0.505310786334664,,,-1.6069760565821896,-0.4215381083692245,-0.9437270527933483
7.54,3.268,-18.304539797134456,9.425091180613665,0.47531092371927436,,,-1.6069760565821896,-0.4215381083692245,-0.9437270527933483
7.561,3.2889999999999997,-18.29675832601266,9.42900978101527,0.44536036019776215,,,-1.6069760565821896,-0.4215381083692245,-0.9437270527933483
7.58,3.308,-18.288279071092738,9.43291180501946,0.4153633839932772,,,-1.6069760565821896,-0.4215381083692245,-0.9437270527933483
7.594,3.322,-18.27964915539652,9.436560503707627,0.3855556084933706,,,-1.6069760565821896,-0.4215381083692245,-0.9437270527933483
7.621,3.349,-18.27062822364485,9.440135236256456,0.35556627200255614,,,-1.423597255186488,-0.4326481685133767,-0.7937131084523296
7.639,3.367,-18.25974709379686,9.44406482642903,0.32557276860702133,,,-1.423597255186488,-0.4326481685133767,-0.7937131084523296
7.656,3.3839999999999995,-18.248569269058624,9.447661579319659,0.29557808985955286,,,-1.423597255186488,-0.4326481685133767,-0.7937131084523296
7.672,3.3999999999999995,-18.237286432296614,9.45092213782852,0.2655824564022464,,,-1.423597255186488,-0.4326481685133767,-0.7937131084523296
7.7,3.428,-18.22590872319718,9.453843415525839,0.2355860487135927,,,-1.423597255186488,-0.4326481685133767,-0.7937131084523296
7.716,3.444,-18.214446367134265,9.456422636823143,0.20558901440398394,,,-1.423597255186488,-0.4326481685133767,-0.7937131084523296
7.735,3.463,-18.202909666379888,9.458657338293074,0.17559147420516244,,,-1.2179137856860591,-0.39610929091276825,-0.6812110349158685
7.752,3.4799999999999995,-18.191016354634826,9.46067270387146,0.14576738143767665,,,-1.2179137856860591,-0.39610929091276825,-0.6812110349158685
7.774,3.502,-18.176941521354617,9.46259485818088,0.11619671923363599,,,-1.2179137856860591,-0.39610929091276825,-0.6812110349158685
7.795,3.5229999999999997,-18.162385215137284,9.464083971968334,0.08619798530492344,,,-1.2179137856860591,-0.39610929091276825,-0.6812110349158685
7.814,3.542,-18.147788666549083,9.465135965424773,0.05619903582044763,,,-1.2179137856860591,-0.39610929091276825,-0.6812110349158685
7.834,3.5619999999999994,-18.133165011515924,9.46574976021994,0.026199918289372178,,,-1.2179137856860591,-0.39610929091276825,-0.6812110349158685
7.852,3.58,-18.11852741228179,9.465924673879652,-0.0037993284275792075,,,-0.9987687138643964,-0.3592361050427635,-0.5624753872194654
7.874,3.6019999999999994,-18.10388904579697,9.465660420121413,-0.03379867254526517,,,-0.9987687138643964,-0.3592361050427635,-0.5624753872194654
7.895,3.6229999999999993,-18.0887031448765,9.464791108795055,-0.06307579431525999,,,-0.9987687138643964,-0.3592361050427635,-0.5624753872194654
7.9190000000000005,3.6470000000000002,-18.070689954590197,9.463368609047242,-0.09200353852640353,,,-0.9987687138643964,-0.2647455712409117,-0.5624753872194654
7.933,3.6609999999999996,-18.050320380045054,9.460861031965768,-0.12197671394329708,,,-0.7713207684844671,-0.2647455712409117,-0.4884684452297437
7.96,3.6879999999999997,-18.026581582590225,9.457542897454081,-0.15198262324339631,,,-0.7713207684844671,-0.2647455712409117,-0.4884684452297437
7.981,3.7089999999999996,-18.00248275270307,9.453499654023767,-0.18198744522456153,,,-0.7713207684844671,-0.2647455712409117,-0.4884684452297437
8.0,3.7279999999999998,-17.978513890462054,9.44873480966424,-0.21199136509459027,,,-0.7713207684844671,-0.2647455712409117,-0.4884684452297437
8.016,3.7439999999999998,-17.954696627252066,9.443252554781205,-0.24199453377694746,,,-0.5762159023811111,-0.2679717150781623,-0.3402868143491182
8.037,3.7650000000000006,-17.92992077100554,9.436232282476878,-0.2727320239606468,,,-0.5762159023811111,-0.2679717150781623,-0.3402868143491182
8.06,3.7880000000000003,-17.901429912700813,9.427011173994048,-0.3028116307398605,,,-0.5762159023811111,-0.2679717150781623,-0.3402868143491182
8.078,3.805999999999999,-17.870520010702084,9.416851734057836,-0.33281424808637483,,,-0.5762159023811111,-0.2679717150781623,-0.3402868143491182
8.1,3.8279999999999994,-17.839875236097757,9.405767372161602,-0.36281636714948023,,,-0.5762159023811111,-0.2679717150781623,-0.3402868143491182
8.121,3.849,-17.809574814928304,9.393767958446592,-0.39281806101622696,,,-0.5762159023811111,-0.2679717150781623,-0.3402868143491182
8.141,3.8689999999999998,-17.779646073192087,9.380864195271062,-0.422819389354757,,,-0.36149575793454614,-0.2297604072631498,-0.20337199765486816
8.154,3.8819999999999997,-17.75011600229751,9.367067598004395,-0.4528204009336213,,,-0.36149575793454614,-0.2297604072631498,-0.20337199765486816
8.174,3.9019999999999992,-17.71920529971397,9.351273741550129,-0.48363939750509943,,,-0.36149575793454614,-0.2297604072631498,-0.20337199765486816
8.2,3.927999999999999,-17.684498988467226,9.33168348311532,-0.5147286045097828,,,-0.36149575793454614,-0.2297604072631498,-0.20337199765486816
8.22,3.9480000000000004,-17.646130931289306,9.308793711647578,-0.5451277036257045,,,-0.36149575793454614,-0.2297604072631498,-0.20337199765486816
8.236,3.9640000000000004,-17.607450769834397,9.284576818831265,-0.5751222174631955,,,-0.36149575793454614,-0.2297604072631498,-0.20337199765486816
8.256,3.984,-17.569512446904387,9.259209565863788,-0.6051176834250496,,,-0.18982169741483484,-0.1392096312612833,-0.11560675095353765
8.273,4.0009999999999994,-17.530578568641435,9.231758828734735,-0.6353690158417141,,,-0.18982169741483484,-0.1392096312612833,-0.11560675095353765
8.294,4.022,-17.48777936472116,9.200437986203383,-0.6657419477150456,,,-0.18982169741483484,-0.1392096312612833,-0.11560675095353765
8.312,4.039999999999999,-17.44107545722426,9.165197126152599,-0.6961605410544479,,,-0.10367578838321156,-0.2830492817829572,0.05801216731952922
8.335,4.063000000000001,-17.39376506514345,9.126581953761281,-0.7233008855986556,,,-0.10367578838321156,-0.2830492817829572,0.05801216731952922
8.361,4.089,-17.349978820722754,9.08784001471505,-0.7346683686685141,,,-0.10367578838321156,-0.2830492817829572,0.05801216731952922
8.381,4.109,-17.307893061442865,9.04971722448543,-0.743052390502303,,,-0.10367578838321156,-0.2830492817829572,0.05801216731952922
8.4,4.128,-17.266037382187665,9.010938446809188,-0.7518666312744701,,,-0.10367578838321156,-0.2830492817829572,0.05801216731952922
8.415,4.142999999999999,-17.22438891051907,8.971682588716408,-0.760730518935083,,,0.10995674079695311,-0.2165516480221723,0.2747469247699539
8.437,4.164999999999999,-17.183315462228645,8.932332759127402,-0.7695941517904824,,,0.10995674079695311,-0.2165516480221723,0.2747469247699539
8.453,4.180999999999999,-17.145714200002242,8.89633660418854,-0.7783701563055729,,,0.10995674079695311,-0.2165516480221723,0.2747469247699539
8.473,4.2010000000000005,-17.11099492535073,8.863223107535045,-0.7870576384634504,,,0.10995674079695311,-0.2165516480221723,0.2747469247699539
8.494,4.2219999999999995,-17.08050933869625,8.833323709642684,-0.7898082505695959,,,0.10995674079695311,-0.2165516480221723,0.2747469247699539
8.516,4.244,-17.05218236992111,8.804910982508574,-0.7834555560153089,,,0.10995674079695311,-0.2165516480221723,0.2747469247699539
8.536,4.263999999999999,-17.023707263071326,8.776724422121816,-0.7768300128395832,,,0.3349224196776963,-0.24165929712400486,0.6363582795400419
8.552,4.279999999999999,-16.995043267943064,8.748724477917017,-0.7702020895645433,,,0.3349224196776963,-0.24165929712400486,0.6363582795400419
8.575,4.302999999999999,-16.96699263141196,8.721640281286504,-0.7635633701541122,,,0.3349224196776963,-0.24165929712400486,0.6363582795400419
8.6,4.327999999999999,-16.942573892460853,8.698214281675478,-0.756922952951233,,,0.3349224196776963,-0.24165929712400486,0.6363582795400419
8.616,4.343999999999999,-16.922074588649124,8.678707720290477,-0.7502882577491897,,,0.4304404046863526,-0.13564829243830215,0.5782718002972399
8.636,4.363999999999999,-16.90529743266585,8.662939725716265,-0.7435690362808404,,,0.4304404046863526,-0.13564829243830215,0.5782718002972399
8.66,4.388,-16.887878533536988,8.64712445307311,-0.7288124643262742,,,0.4304404046863526,-0.13564829243830215,0.5782718002972399
8.679,4.407,-16.869861454035707,8.631264557057456,-0.7120600909348838,,,0.4304404046863526,-0.13564829243830215,0.5782718002972399
8.696,4.4239999999999995,-16.85123587648543,8.615446472079329,-0.6952275745960076,,,0.4304404046863526,-0.13564829243830215,0.5782718002972399
8.717,4.445,-16.832344961329166,8.599942720748091,-0.6783955914855173,,,0.48352854526595135,-0.006504575551383943,0.4890823329251146
8.74,4.468,-16.81316595477558,8.5847254664833,-0.6615638555108334,,,0.48352854526595135,-0.006504575551383943,0.4890823329251146
8.76,4.4879999999999995,-16.791835390387018,8.567577838234914,-0.6449508406074719,,,0.48352854526595135,-0.006504575551383943,0.4890823329251146
8.781,4.509,-16.766585422135893,8.547631470481429,-0.6229755704176109,,,0.48352854526595135,-0.006504575551383943,0.4890823329251146
8.797,4.525,-16.73819459030743,8.527671168040696,-0.595526445535332,,,0.48352854526595135,-0.006504575551383943,0.4890823329251146
8.813,4.541,-16.70909326059617,8.508501194029487,-0.5680775878473449,,,0.48352854526595135,-0.006504575551383943,0.4890823329251146
8.833,4.561,-16.67947497705072,8.49013603232544,-0.5406289655801021,,,0.3519587132520501,0.053974828670506424,0.3151659738875568
8.86,4.587999999999999,-16.647900532140813,8.470440557785308,-0.5135851287771024,,,0.3519587132520501,0.053974828670506424,0.3151659738875568
8.874,4.602,-16.61244457650011,8.44821179190572,-0.48750396154005426,,,0.3519587132520501,0.053974828670506424,0.3151659738875568
8.9,4.628,-16.573068538022664,8.426863677376371,-0.46180297870440074,,,0.3519587132520501,0.053974828670506424,0.3151659738875568
8.915,4.642999999999999,-16.531076652024133,8.406588275572863,-0.436102155524887,,,0.2225566807960745,0.15179548584326352,0.13715864826186538
8.938,4.666,-16.488551012510488,8.387398495316136,-0.41040147775882874,,,0.2225566807960745,0.15179548584326352,0.13715864826186538
8.961,4.689,-16.444269542051664,8.36736359364475,-0.38506781334579226,,,0.2225566807960745,0.15179548584326352,0.13715864826186538
8.981,4.709,-16.396111986761582,8.345848659245332,-0.3640833113032072,,,0.2225566807960745,0.15179548584326352,0.13715864826186538
9.001,4.728999999999999,-16.344034342154657,8.325389557670642,-0.34407954463796525,,,0.2225566807960745,0.15179548584326352,0.13715864826186538
9.02,4.747999999999999,-16.288663575665105,8.306039793083023,-0.3240758595666861,,,0.15171141772040422,0.18719874567469488,0.05657646668857247
9.04,4.767999999999999,-16.232626914431737,8.287806666141858,-0.30407225141307564,,,0.15171141772040422,0.18719874567469488,0.05657646668857247
9.06,4.788,-16.17516036135099,8.26946367421745,-0.28516444331718765,,,0.15171141772040422,0.18719874567469488,0.05657646668857247
9.074,4.802,-16.11387443127169,8.251226690847876,-0.26985846686709597,,,0.15171141772040422,0.18719874567469488,0.05657646668857247
9.101,4.829000000000001,-16.049771972663212,8.233970186579745,-0.2546145245305476,,,0.15171141772040422,0.18719874567469488,0.05657646668857247
9.117,4.845000000000001,-15.985322563697492,8.217693729287499,-0.23937063029272473,,,0.08735728724122813,0.185023890739321,0.0024869520829236325
9.133,4.860999999999999,-15.92063066235843,8.202401141185584,-0.2241267928779938,,,0.08735728724122813,0.185023890739321,0.0024869520829236325
9.153,4.881,-15.854924286602333,8.187212085741855,-0.20976688500236224,,,0.08735728724122813,0.185023890739321,0.0024869520829236325
9.172,4.9,-15.785560329928009,8.171947504791355,-0.19935688530823958,,,0.08735728724122813,0.185023890739321,0.0024869520829236325
9.194,4.922000000000001,-15.712612437766277,8.157440044569112,-0.18950487667139446,,,0.08735728724122813,0.185023890739321,0.0024869520829236325
9.213,4.940999999999999,-15.638894783995282,8.143657872214293,-0.17965288964742285,,,-0.1333376657576457,0.05392910587281918,-0.16143687075113547
9.234,4.962,-15.565043037669719,8.130602287458487,-0.16980093228092555,,,-0.1333376657576457,0.05392910587281918,-0.16143687075113547
9.251,4.978999999999999,-15.491855604671464,8.118675201397556,-0.16026383391584234,,,-0.1333376657576457,0.05392910587281918,-0.16143687075113547
9.28,5.007999999999999,-15.422380949098802,8.108387597989934,-0.15012043184275764,,,-0.1333376657576457,0.05392910587281918,-0.16143687075113547
9.293,5.020999999999999,-15.355138503562937,8.099478808174181,-0.14479128472990568,,,-0.1333376657576457,0.05392910587281918,-0.16143687075113547
9.313,5.041,-15.290315805281388,8.090050956813242,-0.15405175254517722,,,-0.2842441889870221,-0.017735303809966126,-0.27345518604676766
9.337,5.0649999999999995,-15.226404263463932,8.079721701460992,-0.16706019932379662,,,-0.2842441889870221,-0.017735303809966126,-0.27345518604676766
9.359,5.087,-15.16315001608483,8.069130009029735,-0.18004220765916848,,,-0.2842441889870221,-0.017735303809966126,-0.27345518604676766
9.371,5.099,-15.103390378401125,8.059165566813729,-0.19671673535900908,,,-0.2842441889870221,-0.017735303809966126,-0.27345518604676766
9.398,5.1259999999999994,-15.047550318770858,8.048246485355572,-0.21801758258753703,,,-0.2842441889870221,-0.017735303809966126,-0.27345518604676766
9.418,5.145999999999999,-14.994962828056131,8.036067854767206,-0.2414659343759027,,,-1.4837318902621435,-0.3463708366670065,-0.9313219900159441
9.437,5.164999999999999,-14.945099106821564,8.02576295921012,-0.2639691081257794,,,-1.4837318902621435,-0.3463708366670065,-0.9313219900159441
9.461,5.189,-14.899155211401373,8.019377957945315,-0.2864634931648382,,,-1.4837318902621435,-0.3463708366670065,-0.9313219900159441
9.48,5.208,-14.8571310015046,8.015864199582794,-0.31144775861391083,,,-1.4837318902621435,-0.3463708366670065,-0.9313219900159441
9.494,5.2219999999999995,-14.81902629054963,8.012509855372,-0.3414042336523924,,,-1.4837318902621435,-0.3463708366670065,-0.9313219900159441
9.516,5.244,-14.784841360239191,8.008862236005198,-0.37140377327568835,,,-2.255996528250435,-0.5696255086846072,-1.3468105901886875
9.536,5.263999999999999,-14.754576220093938,8.006385046012737,-0.40136720188470076,,,-2.255996528250435,-0.5696255086846072,-1.3468105901886875
9.552,5.279999999999999,-14.728230872788101,8.004066622171187,-0.43136691629381296,,,-2.255996528250435,-0.5696255086846072,-1.3468105901886875
9.579,5.307,-14.705805327590946,8.00159166306494,-0.46136668060434705,,,-2.255996528250435,-0.5696255086846072,-1.3468105901886875
9.596,5.324,-14.687299589818918,7.998962395948115,-0.4913664857081769,,,-2.255996528250435,-0.5696255086846072,-1.3468105901886875
9.613,5.340999999999999,-14.672713664461618,7.996181187000194,-0.5213663241558187,,,-2.255996528250435,-0.5696255086846072,-1.3468105901886875
9.64,5.368,-14.662047556268169,7.993250539176427,-0.5513661898543559,,,-2.630172854496551,-0.5051520066265476,-1.751849302664084
9.66,5.388,-14.655301269749025,7.990257285541524,-0.5813650720075362,,,-2.630172854496551,-0.5051520066265476,-1.751849302664084
9.679,5.407,-14.651275973988861,7.987586400564184,-0.6113649802824657,,,-2.630172854496551,-0.5051520066265476,-1.751849302664084
9.698,5.426,-14.64741686416087,7.984798504221103,-0.6413649029592345,,,-2.630172854496551,-0.5051520066265476,-1.751849302664084
9.714,5.442,-14.643643113018893,7.981896105455248,-0.6713648373423597,,,-2.630172854496551,-0.5051520066265476,-1.751849302664084
9.734,5.462,-14.639958117010305,7.97888181631239,-0.7013647810254564,,,-2.600121706685884,-0.6522466188457052,-1.60270614280382
9.757,5.484999999999999,-14.636359772655526,7.975753507342844,-0.7313647325042536,,,-2.600121706685884,-0.6522466188457052,-1.60270614280382
9.774000000000001,5.502000000000001,-14.632807877052503,7.9724735463545455,-0.7613647001278634,,,-2.600121706685884,-0.6522466188457052,-1.60270614280382
9.794,5.522,-14.629353487462984,7.969088334802304,-0.7913633069091605,,,-2.600121706685884,-0.6522466188457052,-1.60270614280382
9.816,5.5440000000000005,-14.62600270429341,7.965598867191856,-0.8213566256944606,,,-2.600121706685884,-0.6522466188457052,-1.60270614280382
9.836,5.564,-14.622756429939948,7.962008740937234,-0.8513511688090861,,,-2.5650717452137655,-0.9822737959039497,-1.3983237675490348
9.852,5.58,-14.619617728446773,7.958321109484652,-0.8813467101961505,,,-2.5650717452137655,-0.9822737959039497,-1.3983237675490348
9.88,5.6080000000000005,-14.616614568529576,7.954570445389743,-0.9113430751494601,,,-2.5650717452137655,-0.9822737959039497,-1.3983237675490348
9.898,5.6259999999999994,-14.61372385333221,7.950729587102183,-0.9413400901145262,,,-2.5650717452137655,-0.9822737959039497,-1.3983237675490348
9.916,5.644,-14.610948311141513,7.946801918930349,-0.9713376338988047,,,-2.5650717452137655,-0.9822737959039497,-1.3983237675490348
9.934,5.661999999999999,-14.608291660560583,7.94278999575502,-1.0013347271562765,,,-2.5650717452137655,-0.9822737959039497,-1.3983237675490348
9.954,5.682,-14.60575962746442,7.938708474956942,-1.0313321483203022,,,-2.466847373748439,-0.9951350493499308,-1.2993358091726819
9.981,5.709,-14.60328301317095,7.934434703041228,-1.0613300997135597,,,-2.466847373748439,-0.9951350493499308,-1.2993358091726819
10.0,5.728,-14.600927165216374,7.930073156454407,-1.091328462624711,,,-2.466847373748439,-0.9951350493499308,-1.2993358091726819
10.021,5.7490000000000006,-14.598702233775176,7.925640946488866,-1.1213271549171682,,,-2.466847373748439,-0.9951350493499308,-1.2993358091726819
10.037,5.765000000000001,-14.596544572280731,7.921002970333095,-1.1513261557860024,,,-2.3136512039157973,-1.0082409926594778,-1.149340428138538
10.054,5.782,-14.594463302992255,7.916151288026442,-1.1813254714332417,,,-2.3136512039157973,-1.0082409926594778,-1.149340428138538
10.08,5.808,-14.592527704028816,7.911237337370483,-1.2113250253886438,,,-2.3136512039157973,-1.0082409926594778,-1.149340428138538
10.096,5.824,-14.590738113081544,7.906266115972826,-1.241324314103692,,,-2.3136512039157973,-1.0082409926594778,-1.149340428138538
10.12,5.847999999999999,-14.589100007210275,7.901242028536787,-1.2713170609054534,,,-2.1533562942174407,-1.0152275152950736,-0.9978476213147235
10.133,5.860999999999999,-14.587567482476466,7.8960010189565555,-1.301194210218366,,,-2.1533562942174407,-1.0152275152950736,-0.9978476213147235
10.154,5.882,-14.586075675419671,7.890285878530416,-1.3311893326488196,,,-2.1533562942174407,-1.0152275152950736,-0.9978476213147235
10.18,5.9079999999999995,-14.584755412103874,7.8845263663512695,-1.36118533565362,,,-2.1533562942174407,-1.0152275152950736,-0.9978476213147235
10.198,5.926,-14.583608027435035,7.878727658911677,-1.3911820554852021,,,-2.1533562942174407,-1.0152275152950736,-0.9978476213147235
10.219,5.946999999999999,-14.582634696606885,7.872894968001967,-1.4211793582299397,,,-2.1533562942174407,-1.0152275152950736,-0.9978476213147235
10.24,5.968,-14.58183643494386,7.867033536538188,-1.4511771343695248,,,-1.9865583518379704,-1.017259128950259,-0.846370890066972
10.258,5.985999999999999,-14.58121409769677,7.86114863429381,-1.4811752943341123,,,-1.9865583518379704,-1.017259128950259,-0.846370890066972
10.281,6.009,-14.580745816658766,7.854896667239084,-1.5110947249526168,,,-1.9865583518379704,-1.017259128950259,-0.846370890066972
10.301,6.029,-14.5804417624726,7.848210920897586,-1.5410934901007916,,,-1.9865583518379704,-1.017259128950259,-0.846370890066972
10.316,6.0440000000000005,-14.580338341434596,7.841516917273636,-1.5710924777834632,,,-1.8148396988330664,-1.0148887789605834,-0.6978662213335971
10.332,6.0600000000000005,-14.580446216675268,7.834737183257332,-1.6010330897635034,,,-1.8148396988330664,-1.0148887789605834,-0.6978662213335971
10.36,6.087999999999999,-14.580792303670622,7.826980748042097,-1.6308975346130523,,,-1.8148396988330664,-1.0148887789605834,-0.6978662213335971
10.377,6.105,-14.581372084945148,7.819197482817687,-1.6608969443709578,,,-1.8148396988330664,-1.0148887789605834,-0.6978662213335971
10.394,6.122,-14.582185282627949,7.811433003303451,-1.6908964491501801,,,-1.8148396988330664,-1.0148887789605834,-0.6978662213335971
10.412,6.140000000000001,-14.583231292132862,7.803694313435154,-1.720896027184088,,,-1.8148396988330664,-1.0148887789605834,-0.6978662213335971
10.433,6.161,-14.584537062548153,7.795958179710629,-1.7508955907159403,,,-1.4933294129775074,-0.8229744607760501,-0.5408251695968854
10.454,6.182,-14.586775763285976,7.78640913678913,-1.779979775528348,,,-1.4933294129775074,-0.8229744607760501,-0.5408251695968854
10.474,6.202,-14.58930542699766,7.775275286763171,-1.8099820665872244,,,-1.4933294129775074,-0.8229744607760501,-0.5408251695968854
10.492,6.220000000000001,-14.592168533412497,7.764220234604405,-1.8399839278618109,,,-1.4933294129775074,-0.8229744607760501,-0.5408251695968854
10.513,6.241,-14.595362614114615,7.753253978677183,-1.8699854312629793,,,-1.1740569123207338,-0.720154065328834,-0.3840084038774082
10.532,6.26,-14.598884903779703,7.742386437063722,-1.8999866355537647,,,-1.1740569123207338,-0.720154065328834,-0.3840084038774082
10.553,6.281000000000001,-14.604077893219326,7.72988486059624,-1.9292421840224507,,,-1.1740569123207338,-0.720154065328834,-0.3840084038774082
10.572,6.299999999999999,-14.610100210723202,7.714628322837886,-1.9592431044380707,,,-1.1740569123207338,-0.720154065328834,-0.3840084038774082
10.594,6.321999999999999,-14.616582676553271,7.69941031177524,-1.9892438478754895,,,-1.1740569123207338,-0.720154065328834,-0.3840084038774082
10.616,6.343999999999999,-14.62351959441355,7.684391695474685,-2.019244437343476,,,-1.1740569123207338,-0.720154065328834,-0.3840084038774082
10.634,6.362,-14.630904829627399,7.669586047060483,-2.049244891580069,,,-0.9312285703583467,-0.7058416022623145,-0.23768860251095053
10.653,6.381,-14.639905092852077,7.653540531663939,-2.079734595411608,,,-0.9312285703583467,-0.7058416022623145,-0.23768860251095053
10.675,6.4030000000000005,-14.650878678362437,7.634713798104945,-2.1097351520824112,,,-0.9312285703583467,-0.7058416022623145,-0.23768860251095053
10.7,6.427999999999999,-14.662419027809188,7.616024987815268,-2.1397355913447833,,,-0.9312285703583467,-0.7058416022623145,-0.23768860251095053
10.721,6.449,-14.674515911185402,7.597689028390873,-2.1697359258807136,,,-0.6655022416827676,-0.6876591810567155,-0.08721440614134691
10.735,6.462999999999999,-14.68715854128721,7.579722490834212,-2.1997361624975205,,,-0.6655022416827676,-0.6876591810567155,-0.08721440614134691
10.759,6.487,-14.701211213844077,7.560952125644023,-2.2299770423035583,,,-0.6655022416827676,-0.6876591810567155,-0.08721440614134691
10.779,6.507,-14.718932016160963,7.538627739353876,-2.260274539902955,,,-0.6655022416827676,-0.6876591810567155,-0.08721440614134691
10.798,6.526,-14.738435536805794,7.51564676305934,-2.2902748103450015,,,-0.6655022416827676,-0.6876591810567155,-0.08721440614134691
10.813,6.541,-14.75862097079775,7.493259645701903,-2.320275004922665,,,-0.6655022416827676,-0.6876591810567155,-0.08721440614134691
10.834,6.561999999999999,-14.779470239765317,7.471486615668864,-2.3502751208456254,,,-0.6655022416827676,-0.6876591810567155,-0.08721440614134691
10.856,6.584,-14.800964665884587,7.450347350599207,-2.380275155824454,,,-0.4712658133229695,-0.6628855544816937,0.06465761337853666
10.875,6.603,-14.82308498863864,7.429860959710549,-2.410275107977923,,,-0.4712658133229695,-0.6628855544816937,0.06465761337853666
10.893,6.621,-14.846976843065097,7.408840435741851,-2.437457313681056,,,-0.4712658133229695,-0.6628855544816937,0.06465761337853666
10.915,6.642999999999999,-14.872107765322715,7.388002309325179,-2.46241814165503,,,-0.3748948509945065,-0.626495225116948,0.2133854422340927
10.933,6.661,-14.897752730177803,7.367796494395154,-2.487377460968181,,,-0.3748948509945065,-0.626495225116948,0.2133854422340927
10.954,6.682,-14.923024036375145,7.3488816390088125,-2.512327309229443,,,-0.3748948509945065,-0.626495225116948,0.2133854422340927
10.978,6.7059999999999995,-14.944952217714226,7.333366839708321,-2.535811003129727,,,-0.3748948509945065,-0.626495225116948,0.2133854422340927
10.994,6.7219999999999995,-14.965745657808625,7.319224780476404,-2.552991429342795,,,-0.3748948509945065,-0.626495225116948,0.2133854422340927
11.016,6.744,-14.986759315380791,7.305423375945395,-2.56803048403516,,,-0.3748948509945065,-0.626495225116948,0.2133854422340927
11.033,6.760999999999999,-15.008302893042055,7.2917140644676355,-2.5831194968505633,,,-0.2874846032582182,-0.5006594393058048,0.08239170675922049
11.057,6.785,-15.02950126598836,7.278823724771775,-2.5982389379956987,,,-0.2874846032582182,-0.5006594393058048,0.08239170675922049
11.079,6.807,-15.047167162440205,7.269524448343806,-2.6154853410895984,,,-0.2874846032582182,-0.5006594393058048,0.08239170675922049
11.098,6.8260000000000005,-15.061960822836804,7.263098895699946,-2.632755410884064,,,-0.2874846032582182,-0.5006594393058048,0.08239170675922049
11.119,6.8469999999999995,-15.072554222240163,7.260874140470143,-2.65085672436945,,,-0.25760771118090786,-0.42550931023480426,4.818760426181548e-05
11.138,6.866,-15.079229160404116,7.260863853018513,-2.668471229269442,,,-0.25760771118090786,-0.42550931023480426,4.818760426181548e-05
11.156,6.884,-15.081985330641363,7.260863665707789,-2.6860480731063263,,,-0.25760771118090786,-0.42550931023480426,4.818760426181548e-05
11.174,6.901999999999999,-15.082066270443983,7.26086351202354,-2.7036265793261416,,,-0.25760771118090786,-0.42550931023480426,4.818760426181548e-05
11.197,6.924999999999999,-15.082066246215565,7.260863385886546,-2.72120644493377,,,-0.25760771118090786,-0.42550931023480426,4.818760426181548e-05
11.217,6.945,-15.082066228210072,7.260863282357973,-2.7387874223678534,,,-0.2330468467895128,-0.40948048340610116,0.018200942666895124
11.239,6.9670000000000005,-15.082066214968199,7.260863197413248,-2.7563693091747345,,,-0.2330468467895128,-0.40948048340610116,0.018200942666895124
11.26,6.9879999999999995,-15.082066205353792,7.2608631277390865,-2.7739519397654533,,,-0.2330468467895128,-0.40948048340610116,0.018200942666895124
11.274000000000001,7.002000000000001,-15.082066198485053,7.26086307060873,-2.7915351787031892,,,-0.2330468467895128,-0.40948048340610116,0.018200942666895124
11.299,7.026999999999999,-15.082066193679962,7.260863023778903,-2.809118915212901,,,-0.2330468467895128,-0.40948048340610116,0.018200942666895124
11.319,7.047000000000001,-15.082066190413055,7.260862985404721,-2.826703058690683,,,-0.17924272341371505,-0.38038723228224897,0.06546317931134295
11.336,7.064,-15.082066188281209,7.260862953969463,-2.8442875350308094,,,-0.17924272341371505,-0.38038723228224897,0.06546317931134295
11.352,7.08,-15.082066186976677,7.260862928226619,-2.861872283621543,,,-0.17924272341371505,-0.38038723228224897,0.06546317931134295
11.372,7.1,-15.08206618626584,7.260862907152093,-2.8794572548879986,,,-0.17924272341371505,-0.38038723228224897,0.06546317931134295
11.395,7.122999999999999,-15.0820661859725,7.260862889904805,-2.8970424082823927,,,-0.17924272341371505,-0.38038723228224897,0.06546317931134295
11.42,7.148,-15.082066185964774,7.260862875794203,-2.9146277106402563,,,-0.10378879515374448,-0.35604507102189664,0.15329375137334547
11.439,7.167,-15.083426967588945,7.259523829394096,-2.932226843030053,,,-0.10378879515374448,-0.35604507102189664,0.15329375137334547
11.459,7.186999999999999,-15.086478853042554,7.256478495382279,-2.944634628057243,,,-0.10378879515374448,-0.35604507102189664,0.15329375137334547
11.473,7.2010000000000005,-15.09295428776476,7.250210016932815,-2.956074656031876,,,-0.10378879515374448,-0.35604507102189664,0.15329375137334547
11.5,7.228,-15.103349528717848,7.243045587228777,-2.9720181435218973,,,-0.10378879515374448,-0.35604507102189664,0.15329375137334547
11.519,7.247,-15.117664606951124,7.236088251781157,-2.993081749246826,,,-0.031054574247637495,-0.33475447621502424,0.23850250720837343
11.539,7.2669999999999995,-15.13589960452923,7.230335766331771,-3.016238654770006,,,-0.031054574247637495,-0.33475447621502424,0.23850250720837343
11.554,7.282,-15.158054656113848,7.225660240982555,-3.0367730062885934,,,-0.031054574247637495,-0.33475447621502424,0.23850250720837343
11.58,7.308,-15.184129758533873,7.221817960704001,-3.054689892902901,,,-0.031054574247637495,-0.33475447621502424,0.23850250720837343
11.597,7.324999999999999,-15.214124889004076,7.218685757170874,-3.0703489524543364,,,-0.031054574247637495,-0.33475447621502424,0.23850250720837343
11.613,7.340999999999999,-15.247849862367044,7.216172569618022,-3.0825572824669094,,,-0.031054574247637495,-0.33475447621502424,0.23850250720837343
11.633,7.360999999999999,-15.28397344918841,7.214072363540313,-3.085544310690221,,,-0.09820666005740247,-0.374349642099577,0.19420060263806965
11.654,7.382,-15.320385384721542,7.212058878205121,-3.0872442936448974,,,-0.09820666005740247,-0.374349642099577,0.19420060263806965
11.672,7.4,-15.35766520490192,7.210084381375577,-3.091221077873573,,,-0.09820666005740247,-0.374349642099577,0.19420060263806965
11.692,7.42,-15.395365901590358,7.208283857407238,-3.096799248622456,,,-0.09820666005740247,-0.374349642099577,0.19420060263806965
11.713000000000001,7.441000000000001,-15.433077997322044,7.2066935789356235,-3.1023773151460894,,,-0.054457864259178174,-0.3321322875008036,0.19585002928708864
11.736,7.464,-15.470879677878642,7.205300244480266,-3.111605219347916,,,-0.054457864259178174,-0.3321322875008036,0.19585002928708864
11.753,7.481,-15.510280983664448,7.204462363020271,-3.1328444141383835,,,-0.054457864259178174,-0.3321322875008036,0.19585002928708864
11.772,7.5,-15.550244246236153,7.204563595196425,3.126590662977216,,,-0.054457864259178174,-0.3321322875008036,0.19585002928708864
11.794,7.522,-15.590195803043208,7.205613897684132,3.102840500481009,,,-0.054457864259178174,-0.3321322875008036,0.19585002928708864
11.812,7.539999999999999,-15.630113116756563,7.207612768749841,3.0790904101772076,,,-0.054457864259178174,-0.3321322875008036,0.19585002928708864
11.832,7.5600000000000005,-15.669973668429376,7.210559171418723,3.055340395869436,,,-0.002173770168187983,-0.27977915606689335,0.19928484897149384
11.853,7.5809999999999995,-15.709754970146582,7.214451534143719,3.031590460693264,,,-0.002173770168187983,-0.27977915606689335,0.19928484897149384
11.881,7.609,-15.750247579393562,7.219467785192096,3.0074158338373196,,,-0.002173770168187983,-0.27977915606689335,0.19928484897149384
11.898,7.6259999999999994,-15.792562259975476,7.225667317322387,2.9838131611434346,,,-0.002173770168187983,-0.27977915606689335,0.19928484897149384
11.92,7.648,-15.83475338527081,7.2328640218475595,2.960300902047786,,,0.03720453138547648,-0.15128910574809243,0.11965488851837867
11.932,7.66,-15.876914672434792,7.241137558635009,2.9365912056209473,,,0.03720453138547648,-0.15128910574809243,0.11965488851837867
11.955,7.683,-15.921858511095524,7.252461455573895,2.912264307150109,,,0.03720453138547648,-0.15128910574809243,0.11965488851837867
11.972,7.699999999999999,-15.97072248359163,7.266866729156317,2.8862707557125904,,,0.03720453138547648,-0.15128910574809243,0.11965488851837867
11.993,7.721,-16.023506698346207,7.283128266946081,2.8566962631340767,,,0.03720453138547648,-0.15128910574809243,0.11965488851837867
12.012,7.74,-16.080190406271388,7.301172440660099,2.8266963528377356,,,0.03720453138547648,-0.15128910574809243,0.11965488851837867
12.034,7.7620000000000005,-16.138054974429323,7.32082888145684,2.7967197200855387,,,0.35532821983697815,-0.033983118829481226,0.38054638043925426
12.053,7.781000000000001,-16.192806538534736,7.338088697124072,2.7679834409723454,,,0.35532821983697815,-0.033983118829481226,0.38054638043925426
12.078,7.805999999999999,-16.24450593086406,7.3533035506001365,2.743129478178145,,,0.35532821983697815,-0.033983118829481226,0.38054638043925426
12.098,7.8260000000000005,-16.29206738935444,7.370005572128991,2.7139207829541863,,,0.35532821983697815,-0.033983118829481226,0.38054638043925426
12.114,7.8420000000000005,-16.33571053434444,7.387908524909599,2.6839725947834854,,,0.9030095304392904,0.14625823655649747,0.7146055230939511
12.135,7.8629999999999995,-16.375435040316084,7.406901188754933,2.65404743800924,,,0.9030095304392904,0.14625823655649747,0.7146055230939511
12.161,7.888999999999999,-16.411240656607685,7.423933035540087,2.624550099075414,,,0.9030095304392904,0.14625823655649747,0.7146055230939511
12.177,7.904999999999999,-16.443126409928617,7.439038502051687,2.6031808249324286,,,0.9030095304392904,0.14625823655649747,0.7146055230939511
12.197,7.924999999999999,-16.471091635702987,7.453155142777929,2.594037290459598,,,0.9030095304392904,0.14625823655649747,0.7146055230939511
12.212,7.9399999999999995,-16.49513623938898,7.466051154251553,2.5963212891625407,,,0.9030095304392904,0.14625823655649747,0.7146055230939511
12.233,7.961,-16.51526316224481,7.477574635609794,2.6093639303364515,,,1.3990438866339039,0.277369356231204,0.9487116989232235
12.255,7.9830000000000005,-16.531525232310862,7.486328286651673,2.627670003173983,,,1.3990438866339039,0.277369356231204,0.9487116989232235
12.276,8.004,-16.54386723226222,7.492359765681652,2.6506987661234005,,,1.3990438866339039,0.277369356231204,0.9487116989232235
12.293,8.020999999999999,-16.55365859229146,7.497402974110339,2.6805139312751884,,,1.3990438866339039,0.277369356231204,0.9487116989232235
12.318,8.046,-16.563531140598947,7.502133472151433,2.7105124651861345,,,1.3990438866339039,0.277369356231204,0.9487116989232235
12.333,8.061,-16.573541251226796,7.506565764221642,2.7405112632512165,,,1.7854307571955546,0.4428248630171002,1.0630564682546357
12.36,8.088,-16.582096900828898,7.5098787588787514,2.7704700102132613,,,1.7854307571955546,0.4428248630171002,1.0630564682546357
12.372,8.1,-16.589685305207155,7.512708029577633,2.800469040300514,,,1.7854307571955546,0.4428248630171002,1.0630564682546357
12.392,8.12,-16.597355200742907,7.515308424810729,2.830468244417726,,,1.7854307571955546,0.4428248630171002,1.0630564682546357
12.412,8.14,-16.60509967860017,7.517677599363654,2.8604675908985104,,,1.7854307571955546,0.4428248630171002,1.0630564682546357
12.434,8.161999999999999,-16.61291176387878,7.519813417183834,2.8904670538382287,,,1.8350598003570515,0.5254717176697229,1.0232277227575886
12.452,8.18,-16.620657419227847,7.5216836956474005,2.9204666087756457,,,1.8350598003570515,0.5254717176697229,1.0232277227575886
12.472,8.2,-16.62842384094112,7.523313714996538,2.950466241564284,,,1.8350598003570515,0.5254717176697229,1.0232277227575886
12.493,8.221,-16.636235676342494,7.524710046537418,2.980465938714022,,,1.8350598003570515,0.5254717176697229,1.0232277227575886
12.513,8.241,-16.644085892788443,7.525871432253328,3.0104656885088397,,,1.8350598003570515,0.5254717176697229,1.0232277227575886
12.539,8.267,-16.651967423521015,7.526796825885064,3.040465481361025,,,1.7685987174175422,0.566682396850795,0.9337001222311204
12.56,8.288,-16.66019983394943,7.52751433600009,3.07046535694385,,,1.7685987174175422,0.566682396850795,0.9337001222311204
12.574,8.302,-16.66861903343512,7.527995218842909,3.1004593358456685,,,1.7685987174175422,0.566682396850795,0.9337001222311204
12.593,8.321,-16.677050750012384,7.528221732650543,3.130451540403582,,,1.7685987174175422,0.566682396850795,0.9337001222311204
12.612,8.34,-16.685487890816017,7.528195338167133,-3.1227399275765624,,,1.5948845941547534,0.5865667581450524,0.782164281176434
12.638,8.366,-16.69392280299853,7.527915893114948,-3.092744758105308,,,1.5948845941547534,0.5865667581450524,0.782164281176434
12.658,8.386,-16.70283025650251,7.5272648136120575,-3.063649373222954,,,1.5948845941547534,0.5865667581450524,0.782164281176434
12.676,8.404,-16.71298646796701,7.52632574655017,-3.0337234928074013,,,1.5948845941547534,0.5865667581450524,0.782164281176434
12.692,8.42,-16.723127638313812,7.525081060835243,-3.0037261884726387,,,1.5948845941547534,0.5865667581450524,0.782164281176434
12.715,8.443,-16.733229077600427,7.5235324511967505,-2.9737284097506227,,,1.3950415803881349,0.5895642938479054,0.6330737108960143
12.735,8.463,-16.74328165916269,7.521681177728764,-2.943730248822828,,,1.3950415803881349,0.5895642938479054,0.6330737108960143
12.753,8.481,-16.753666411084154,7.519258434233958,-2.9142022467586073,,,1.3950415803881349,0.5895642938479054,0.6330737108960143
12.773,8.501,-16.765917359506563,7.516215350754203,-2.8842276036688994,,,1.3950415803881349,0.5895642938479054,0.6330737108960143
12.792,8.52,-16.778167494806144,7.5128037725195185,-2.854227730767695,,,1.3950415803881349,0.5895642938479054,0.6330737108960143
12.815,8.543,-16.7903118411503,7.509025631628109,-2.824227850841872,,,1.265411809486562,0.6621613867945976,0.4869698750868059
12.833,8.561,-16.80233941836679,7.504884210812151,-2.7942279723310155,,,1.265411809486562,0.6621613867945976,0.4869698750868059
12.852,8.58,-16.81449465165165,7.500140956134462,-2.7643557462005557,,,1.265411809486562,0.6621613867945976,0.4869698750868059
12.874,8.602,-16.82814412368049,7.494471919052045,-2.734354193078169,,,1.265411809486562,0.6621613867945976,0.4869698750868059
12.894,8.622,-16.841703404236583,7.488392585892768,-2.7043529344076633,,,1.265411809486562,0.6621613867945976,0.4869698750868059
12.913,8.641,-16.855076146899986,7.481908303455297,-2.6743519248211487,,,1.035593313734088,0.6552529296220349,0.33995925422927464
12.934,8.661999999999999,-16.86825025034533,7.475024803998347,-2.64435112729165,,,1.035593313734088,0.6552529296220349,0.33995925422927464
12.957,8.685,-16.88137626967645,7.467618240461896,-2.614291371847104,,,1.035593313734088,0.6552529296220349,0.33995925422927464
12.979,8.706999999999999,-16.8968347736791,7.458036755640554,-2.5838832595674477,,,1.035593313734088,0.6552529296220349,0.33995925422927464
13.001,8.729,-16.913142408875974,7.447538876583284,-2.553890519089128,,,1.035593313734088,0.6552529296220349,0.33995925422927464
13.014,8.741999999999999,-16.929129854152936,7.436555348588593,-2.5238964769458443,,,0.7904591502202587,0.6351342487844339,0.20022748021531703
13.032,8.76,-16.946443862362706,7.423782081289153,-2.4937527758588596,,,0.7904591502202587,0.6351342487844339,0.20022748021531703
13.053,8.781,-16.96665096089337,7.4079759969484,-2.4636999091628566,,,0.7904591502202587,0.6351342487844339,0.20022748021531703
13.074,8.802,-16.98660992409483,7.391431119286826,-2.4337038856582636,,,0.7904591502202587,0.6351342487844339,0.20022748021531703
13.093,8.821,-17.006065362759415,7.374293623425268,-2.403707164218007,,,0.7904591502202587,0.6351342487844339,0.20022748021531703
13.113,8.841,-17.024999649023055,7.356578837040945,-2.373709886138666,,,0.7904591502202587,0.6351342487844339,0.20022748021531703
13.133,8.860999999999999,-17.043395628807417,7.338302611335746,-2.3437121670218977,,,0.706634692246314,0.618650321966359,0.16016458796790242
13.159,8.887,-17.061270723935266,7.319455430354674,-2.3137138145096334,,,0.706634692246314,0.618650321966359,0.16016458796790242
13.179,8.907,-17.08005765968781,7.298706083688466,-2.2837295110545215,,,0.706634692246314,0.618650321966359,0.16016458796790242
13.2,8.927999999999999,-17.098507655691165,7.276742923543598,-2.2537248003885955,,,0.706634692246314,0.618650321966359,0.16016458796790242
13.216,8.943999999999999,-17.11629180239764,7.2542344174727775,-2.223720982081415,,,0.5343968981864108,0.5944557202852608,0.07053790426412922
13.24,8.968,-17.134481800788773,7.230429045872822,-2.193795409657865,,,0.5343968981864108,0.5944557202852608,0.07053790426412922
13.252,8.98,-17.15472647582052,7.202897228894072,-2.1638103302722578,,,0.5343968981864108,0.5944557202852608,0.07053790426412922
13.274000000000001,9.002,-17.174161160954895,7.17315346636276,-2.1338075931013107,,,0.5343968981864108,0.5944557202852608,0.07053790426412922
13.296,9.024,-17.192695933872763,7.1428382906315235,-2.1038053761189905,,,0.5343968981864108,0.5944557202852608,0.07053790426412922
13.321,9.049,-17.21031401085972,7.111978948629361,-2.0738036038198704,,,0.5343968981864108,0.5944557202852608,0.07053790426412922
13.34,9.068,-17.227742395477556,7.0801407606209485,-2.044119280926106,,,0.1232629170455201,0.3066309146065864,-0.056047707634336794
13.353,9.081,-17.2485177079858,7.044827474119742,-2.0147861679237535,,,0.1232629170455201,0.3066309146065864,-0.056047707634336794
13.373,9.100999999999999,-17.270854491497204,7.005593567385557,-1.9935223319021111,,,0.1232629170455201,0.3066309146065864,-0.056047707634336794
13.392,9.12,-17.293320307536845,6.9624389824297985,-1.9822589851841932,,,0.1232629170455201,0.3066309146065864,-0.056047707634336794
13.42,9.148,-17.31533339487373,6.9153643571777135,-1.971912653387978,,,0.050711025917795305,0.26291017760065855,-0.10975785145309194
13.437,9.165,-17.336532600679153,6.865368539126733,-1.9627964200390227,,,0.050711025917795305,0.26291017760065855,-0.10975785145309194
13.456,9.184,-17.35681728393282,6.816032513372544,-1.9587634455761376,,,0.050711025917795305,0.26291017760065855,-0.10975785145309194
13.475,9.203,-17.376603655359368,6.7671221397942904,-1.954019299775632,,,0.050711025917795305,0.26291017760065855,-0.10975785145309194
13.495,9.222999999999999,-17.39625824949381,6.718103854344423,-1.9499893135567326,,,0.050711025917795305,0.26291017760065855,-0.10975785145309194
13.518,9.246,-17.41571312954062,6.669008837150128,-1.9459858938462946,,,-0.03689718796740049,0.20016039037745711,-0.16114181341891684
13.536,9.264,-17.434901368741116,6.620009758138302,-1.9440689468329964,,,-0.03689718796740049,0.20016039037745711,-0.16114181341891684
13.555,9.283,-17.45399438570706,6.571454307113517,-1.9469726424925173,,,-0.03689718796740049,0.20016039037745711,-0.16114181341891684
13.572,9.299999999999999,-17.47322926520518,6.522951954379333,-1.9498728963370258,,,-0.03689718796740049,0.20016039037745711,-0.16114181341891684
13.593,9.321,-17.492605673756024,6.474503121381141,-1.9527703319194074,,,-0.03689718796740049,0.20016039037745711,-0.16114181341891684
13.612,9.34,-17.512123314837115,6.426108215181369,-1.955665459234067,,,-0.03689718796740049,0.20016039037745711,-0.16114181341891684
13.636,9.363999999999999,-17.531781922193424,6.377767630811896,-1.9585586953826573,,,-0.03689718796740049,0.20016039037745711,-0.16114181341891684
13.653,9.381,-17.551581254367427,6.329481753173993,-1.9614503814783733,,,-0.1225424078304122,0.09067682828744084,-0.17303499670595715
13.671,9.399,-17.572250762717417,6.280462771676382,-1.9643792484612064,,,-0.1225424078304122,0.09067682828744084,-0.17303499670595715
13.695,9.423,-17.594130782530314,6.228837667332409,-1.9732444200176602,,,-0.1225424078304122,0.09067682828744084,-0.17303499670595715
13.713000000000001,9.441,-17.61758451527266,6.174926600263316,-1.9848307042330355,,,-0.11234400126515934,0.025004049352441115,-0.12406344628251653
13.735,9.463,-17.641970972406742,6.1202619550532065,-1.9958433441854515,,,-0.11234400126515934,0.025004049352441115,-0.12406344628251653
13.76,9.488,-17.669189425057287,6.063024142457002,-2.0070466330869583,,,-0.11234400126515934,0.025004049352441115,-0.12406344628251653
13.778,9.506,-17.70002448361028,6.001866709723671,-2.018724304764534,,,-0.11234400126515934,0.025004049352441115,-0.12406344628251653
13.797,9.525,-17.73217020649763,5.93699419430635,-2.031086650490279,,,-0.11234400126515934,0.025004049352441115,-0.12406344628251653
13.814,9.542,-17.765129865006777,5.871488410399247,-2.0434578280816336,,,-0.11234400126515934,0.025004049352441115,-0.12406344628251653
13.84,9.568,-17.7988668964399,5.806419244125008,-2.0558226837763973,,,-0.0947884374723309,0.04730247500238537,-0.11732209107036164
13.856,9.584,-17.832837740173463,5.7426877032917965,-2.0661419891518475,,,-0.0947884374723309,0.04730247500238537,-0.11732209107036164
13.88,9.608,-17.867453475861982,5.679359059226691,-2.0764174507716087,,,-0.0947884374723309,0.04730247500238537,-0.11732209107036164
13.893,9.621,-17.902529040012976,5.616632995104402,-2.0864881551105734,,,-0.0947884374723309,0.04730247500238537,-0.11732209107036164
13.913,9.641,-17.93826675451759,5.5542968897998755,-2.096737352982293,,,0.06512942214069264,0.06973737250727871,0.035798737494601135
13.94,9.668,-17.974643435794004,5.492327157869192,-2.106989345481165,,,0.06512942214069264,0.06973737250727871,0.035798737494601135
13.953,9.681,-18.01271143173993,5.429140288847825,-2.117894090506905,,,0.06512942214069264,0.06973737250727871,0.035798737494601135
13.975,9.703,-18.053367490994457,5.363312460260769,-2.1293822699702525,,,0.06512942214069264,0.06973737250727871,0.035798737494601135
13.992,9.72,-18.096555624005184,5.294395355188923,-2.1291736283757503,,,0.06512942214069264,0.06973737250727871,0.035798737494601135
14.012,9.74,-18.14029751231755,5.223768271116493,-2.1210438196289663,,,0.16493756725218722,0.10380373473601176,0.11229518306655456
14.033,9.761,-18.183465108708592,5.152785745814456,-2.1129144120613343,,,0.16493756725218722,0.10380373473601176,0.11229518306655456
14.052,9.78,-18.224610155060937,5.083306020228633,-2.1048011404790907,,,0.16493756725218722,0.10380373473601176,0.11229518306655456
14.071,9.799,-18.262142990470068,5.017423998010402,-2.0937666108984487,,,0.16493756725218722,0.10380373473601176,0.11229518306655456
14.092,9.82,-18.29654001316147,4.954851569534764,-2.0825489532530876,,,0.16493756725218722,0.10380373473601176,0.11229518306655456
14.118,9.846,-18.329198187979276,4.895316111742137,-2.0664003633517214,,,0.1481792801846537,0.10478272516328925,0.09649605545975862
14.14,9.868,-18.36138924276684,4.834704563746894,-2.0508312314605592,,,0.1481792801846537,0.10478272516328925,0.09649605545975862
14.157,9.885,-18.392707407402145,4.773491836040266,-2.0355096776833648,,,0.1481792801846537,0.10478272516328925,0.09649605545975862
14.176,9.904,-18.423174612963994,4.711586252748739,-2.0200019657173427,,,0.1481792801846537,0.10478272516328925,0.09649605545975862
14.197,9.924999999999999,-18.452681102191878,4.649210050452848,-2.004503855235824,,,0.1481792801846537,0.10478272516328925,0.09649605545975862
14.212,9.94,-18.481307346999454,4.586324710987547,-1.9920765485569314,,,-0.0440152891172012,0.09218764312661809,-0.08807160261183199
14.236,9.964,-18.510408194816883,4.521447101967932,-1.994396695787578,,,-0.0440152891172012,0.09218764312661809,-0.08807160261183199
14.256,9.984,-18.539998547967247,4.456211572629421,-1.9991016707801408,,,-0.0440152891172012,0.09218764312661809,-0.08807160261183199
14.281,10.009,-18.5698973176504,4.391112385766423,-2.0038117996487887,,,-0.0440152891172012,0.09218764312661809,-0.08807160261183199
14.298,10.026,-18.600104025630163,4.32615149013221,-2.0085261390429427,,,-0.0440152891172012,0.09218764312661809,-0.08807160261183199
14.317,10.045,-18.630392919695083,4.2615363875034245,-2.013244102645321,,,-0.0440152891172012,0.09218764312661809,-0.08807160261183199
14.335,10.063,-18.657570710319305,4.200140870818808,-2.015593042435363,,,-0.0440152891172012,0.09218764312661809,-0.08807160261183199
14.359,10.087,-18.681970359775505,4.141516066899085,-2.017079276960957,,,-0.0440152891172012,0.09218764312661809,-0.08807160261183199
14.373,10.100999999999999,-18.702185631142132,4.087073187743234,-2.017441687452901,,,-0.0440152891172012,0.09218764312661809,-0.08807160261183199
14.396,10.124,-18.71848188967612,4.0365493184396986,-2.0178035374904253,,,-0.0440152891172012,0.09218764312661809,-0.08807160261183199
14.412,10.14,-18.73085895110017,3.9899446557046416,-2.0181667718371843,,,-0.0440152891172012,0.09218764312661809,-0.08807160261183199
14.436,10.164,-18.73931666092649,3.9472593684779516,-2.018533656983261,,,-0.0440152891172012,0.09218764312661809,-0.08807160261183199
14.46,10.188,-18.74385490655517,3.9084935651208856,-2.018903532703476,,,-0.0440152891172012,0.09218764312661809,-0.08807160261183199
14.481,10.209,-18.744703137816046,3.873647345293796,-2.019150443438563,,,-0.0440152891172012,0.09218764312661809,-0.08807160261183199
14.494,10.222,-18.744702478961557,3.8427207990704124,-2.01915043551214,,,-0.0440152891172012,0.09218764312661809,-0.08807160261183199
14.517,10.245,-18.744701940065305,3.8157139667110456,-2.0191504290640587,,,-0.0440152891172012,0.09218764312661809,-0.08807160261183199
14.533,10.261,-18.744701499288766,3.792626896545788,-2.019150423812476,,,-0.0440152891172012,0.09218764312661809,-0.08807160261183199
14.554,10.282,-18.744701138768388,3.7734596281038177,-2.019150419531061,,,-0.0440152891172012,0.09218764312661809,-0.08807160261183199
14.577,10.305,-18.744700843892343,3.7582121937161097,-2.0191504160374896,,,-0.0440152891172012,0.09218764312661809,-0.08807160261183199
14.6,10.328,-18.744700602708754,3.74688461982624,-2.0191504131845126,,,-0.0440152891172012,0.09218764312661809,-0.08807160261183199
14.62,10.347999999999999,-18.74470040544161,3.739476928062498,-2.0191504108529514,,,-0.0440152891172012,0.09218764312661809,-0.08807160261183199
14.634,10.362,-18.744700244094695,3.7359891361147435,-2.0191504089461714,,,-0.0440152891172012,0.09218764312661809,-0.08807160261183199
14.654,10.382,-18.74470013636011,3.7356917147607933,-2.019150407678192,,,-0.0440152891172012,0.09218764312661809,-0.08807160261183199
14.675,10.403,-18.74470003928386,3.7356919426995647,-2.019150406538856,,,-0.0440152891172012,0.09218764312661809,-0.08807160261183199
14.699,10.427,-18.744699940147793,3.7356921754748758,-2.0191504053765064,,,-0.0440152891172012,0.09218764312661809,-0.08807160261183199
14.714,10.442,-18.74469984313166,3.735692403272483,-2.0191504042401527,,,-0.0440152891172012,0.09218764312661809,-0.08807160261183199
14.733,10.461,-18.744699794874254,3.73569251658275,-2.0191504036753285,,,-0.0440152891172012,0.09218764312661809,-0.08807160261183199
14.759,10.487,-18.74469974678962,3.735692629487333,-2.019150403112807,,,-0.0440152891172012,0.09218764312661809,-0.08807160261183199
14.779,10.507,-18.744699697810127,3.7356927444930816,-2.0191504025400984,,,-0.0440152891172012,0.09218764312661809,-0.08807160261183199
14.801,10.529,-18.744699697810127,3.7356927444930816,-2.0191504025400984,,,-0.0440152891172012,0.09218764312661809,-0.08807160261183199
14.819,10.547,-18.74469964974431,3.735692857353492,-2.019150401978353,,,-0.0440152891172012,0.09218764312661809,-0.08807160261183199
14.837,10.565,-18.74469964974431,3.735692857353492,-2.019150401978353,,,-0.0440152891172012,0.09218764312661809,-0.08807160261183199
14.859,10.587,-18.744699601907147,3.735692969677015,-2.019150401419557,,,-0.0440152891172012,0.09218764312661809,-0.08807160261183199
14.878,10.606,-18.744699601907147,3.735692969677015,-2.019150401419557,,,-0.0440152891172012,0.09218764312661809,-0.08807160261183199
14.892,10.62,-18.744699601907147,3.735692969677015,-2.019150401419557,,,-0.0440152891172012,0.09218764312661809,-0.08807160261183199
14.914,10.642,-18.744699601907147,3.735692969677015,-2.019150401419557,,,-0.0440152891172012,0.09218764312661809,-0.08807160261183199
14.936,10.664,-18.7446995538573,3.7356930824999175,-2.019150400858554,,,-0.0440152891172012,0.09218764312661809,-0.08807160261183199
14.952,10.68,-18.7446995538573,3.7356930824999175,-2.019150400858554,,,-0.0440152891172012,0.09218764312661809,-0.08807160261183199
14.972,10.7,-18.7446995538573,3.7356930824999175,-2.019150400858554,,,-0.0440152891172012,0.09218764312661809,-0.08807160261183199
14.998,10.725999999999999,-18.7446995538573,3.7356930824999175,-2.019150400858554,,,-0.0440152891172012,0.09218764312661809,-0.08807160261183199
15.021,10.749,-18.7446995538573,3.7356930824999175,-2.019150400858554,,,-0.0440152891172012,0.09218764312661809,-0.08807160261183199
15.038,10.766,-18.7446995538573,3.7356930824999175,-2.019150400858554,,,-0.0440152891172012,0.09218764312661809,-0.08807160261183199
15.051,10.779,-18.7446995538573,3.7356930824999175,-2.019150400858554,,,-0.0440152891172012,0.09218764312661809,-0.08807160261183199
15.076,10.804,-18.7446995538573,3.7356930824999175,-2.019150400858554,,,-0.0440152891172012,0.09218764312661809,-0.08807160261183199
15.1,10.828,-18.7446995538573,3.7356930824999175,-2.019150400858554,,,-0.0440152891172012,0.09218764312661809,-0.08807160261183199
15.118,10.846,-18.7446995538573,3.7356930824999175,-2.019150400858554,,,-0.0440152891172012,0.09218764312661809,-0.08807160261183199
15.14,10.868,-18.7446995538573,3.7356930824999175,-2.019150400858554,,,-0.0440152891172012,0.09218764312661809,-0.08807160261183199
15.16,10.888,-18.7446995538573,3.7356930824999175,-2.019150400858554,,,-0.0440152891172012,0.09218764312661809,-0.08807160261183199
15.178,10.906,-18.7446995538573,3.7356930824999175,-2.019150400858554,,,-0.0440152891172012,0.09218764312661809,-0.08807160261183199
15.197,10.924999999999999,-18.7446995538573,3.7356930824999175,-2.019150400858554,,,-0.0440152891172012,0.09218764312661809,-0.08807160261183199
15.214,10.942,-18.7446995538573,3.7356930824999175,-2.019150400858554,,,-0.0440152891172012,0.09218764312661809,-0.08807160261183199
15.238,10.966,-18.7446995538573,3.7356930824999175,-2.019150400858554,,,-0.0440152891172012,0.09218764312661809,-0.08807160261183199
15.26,10.988,-18.7446995538573,3.7356930824999175,-2.019150400858554,,,-0.0440152891172012,0.09218764312661809,-0.08807160261183199
15.28,11.008,-18.7446995538573,3.7356930824999175,-2.019150400858554,,,-0.0440152891172012,0.09218764312661809,-0.08807160261183199
15.299,11.027,-18.7446995538573,3.7356930824999175,-2.019150400858554,,,-0.0440152891172012,0.09218764312661809,-0.08807160261183199
15.32,11.048,-18.7446995538573,3.7356930824999175,-2.019150400858554,,,-0.0440152891172012,0.09218764312661809,-0.08807160261183199
15.34,11.068,-18.7446995538573,3.7356930824999175,-2.019150400858554,,,-0.0440152891172012,0.09218764312661809,-0.08807160261183199
15.358,11.086,-18.7446995538573,3.7356930824999175,-2.019150400858554,,,-0.0440152891172012,0.09218764312661809,-0.08807160261183199
15.381,11.109,-18.7446995538573,3.7356930824999175,-2.019150400858554,,,-0.0440152891172012,0.09218764312661809,-0.08807160261183199
15.398,11.126,-18.7446995538573,3.7356930824999175,-2.019150400858554,,,-0.0440152891172012,0.09218764312661809,-0.08807160261183199
15.414,11.142,-18.7446995538573,3.7356930824999175,-2.019150400858554,,,-0.0440152891172012,0.09218764312661809,-0.08807160261183199
15.431000000000001,11.159,-18.7446995538573,3.7356930824999175,-2.019150400858554,,,-0.0440152891172012,0.09218764312661809,-0.08807160261183199
15.452,11.18,-18.7446995538573,3.7356930824999175,-2.019150400858554,,,-0.0440152891172012,0.09218764312661809,-0.08807160261183199
15.473,11.201,-18.7446995538573,3.7356930824999175,-2.019150400858554,,,-0.0440152891172012,0.09218764312661809,-0.08807160261183199
15.493,11.221,-18.7446995538573,3.7356930824999175,-2.019150400858554,,,-0.0440152891172012,0.09218764312661809,-0.08807160261183199
15.513,11.241,-18.7446995538573,3.7356930824999175,-2.019150400858554,,,-0.0440152891172012,0.09218764312661809,-0.08807160261183199
15.537,11.265,-18.7446995538573,3.7356930824999175,-2.019150400858554,,,-0.0440152891172012,0.09218764312661809,-0.08807160261183199
15.553,11.281,-18.7446995538573,3.7356930824999175,-2.019150400858554,,,-0.0440152891172012,0.09218764312661809,-0.08807160261183199
15.577,11.305,-18.7446995538573,3.7356930824999175,-2.019150400858554,,,-0.0440152891172012,0.09218764312661809,-0.08807160261183199
15.595,11.323,-18.7446995538573,3.7356930824999175,-2.019150400858554,,,-0.0440152891172012,0.09218764312661809,-0.08807160261183199
15.612,11.34,-18.7446995538573,3.7356930824999175,-2.019150400858554,,,-0.0440152891172012,0.09218764312661809,-0.08807160261183199
15.632,11.36,-18.7446995538573,3.7356930824999175,-2.019150400858554,,,-0.0440152891172012,0.09218764312661809,-0.08807160261183199
15.656,11.384,-18.7446995538573,3.7356930824999175,-2.019150400858554,,,-0.0440152891172012,0.09218764312661809,-0.08807160261183199
15.672,11.4,-18.7446995538573,3.7356930824999175,-2.019150400858554,,,-0.0440152891172012,0.09218764312661809,-0.08807160261183199
15.692,11.42,-18.7446995538573,3.7356930824999175,-2.019150400858554,,,-0.0440152891172012,0.09218764312661809,-0.08807160261183199
15.712,11.44,-18.7446995538573,3.7356930824999175,-2.019150400858554,,,-0.0440152891172012,0.09218764312661809,-0.08807160261183199
15.733,11.461,-18.7446995538573,3.7356930824999175,-2.019150400858554,,,-0.0440152891172012,0.09218764312661809,-0.08807160261183199
15.753,11.481,-18.7446995538573,3.7356930824999175,-2.019150400858554,,,-0.0440152891172012,0.09218764312661809,-0.08807160261183199
15.78,11.508,-18.7446995538573,3.7356930824999175,-2.019150400858554,,,-0.0440152891172012,0.09218764312661809,-0.08807160261183199
15.798,11.526,-18.7446995538573,3.7356930824999175,-2.019150400858554,,,-0.0440152891172012,0.09218764312661809,-0.08807160261183199
15.813,11.541,-18.7446995538573,3.7356930824999175,-2.019150400858554,,,-0.0440152891172012,0.09218764312661809,-0.08807160261183199
15.835,11.563,-18.7446995538573,3.7356930824999175,-2.019150400858554,,,-0.0440152891172012,0.09218764312661809,-0.08807160261183199
15.855,11.583,-18.7446995538573,3.7356930824999175,-2.019150400858554,,,-0.0440152891172012,0.09218764312661809,-0.08807160261183199
15.873,11.600999999999999,-18.7446995538573,3.7356930824999175,-2.019150400858554,,,-0.0440152891172012,0.09218764312661809,-0.08807160261183199
15.9,11.628,-18.7446995538573,3.7356930824999175,-2.019150400858554,,,-0.0440152891172012,0.09218764312661809,-0.08807160261183199
15.912,11.64,-18.7446995538573,3.7356930824999175,-2.019150400858554,,,-0.0440152891172012,0.09218764312661809,-0.08807160261183199
15.932,11.66,-18.7446995538573,3.7356930824999175,-2.019150400858554,,,-0.0440152891172012,0.09218764312661809,-0.08807160261183199
15.952,11.68,-18.7446995538573,3.7356930824999175,-2.019150400858554,,,-0.0440152891172012,0.09218764312661809,-0.08807160261183199
15.972,11.7,-18.7446995538573,3.7356930824999175,-2.019150400858554,,,-0.0440152891172012,0.09218764312661809,-0.08807160261183199
15.995000000000001,11.723,-18.7446995538573,3.7356930824999175,-2.019150400858554,,,-0.0440152891172012,0.09218764312661809,-0.08807160261183199
16.013,11.741000000000001,-18.7446995538573,3.7356930824999175,-2.019150400858554,,,-0.0440152891172012,0.09218764312661809,-0.08807160261183199
16.04,11.767999999999999,-18.7446995538573,3.7356930824999175,-2.019150400858554,,,-0.0440152891172012,0.09218764312661809,-0.08807160261183199
16.052,11.78,-18.7446995538573,3.7356930824999175,-2.019150400858554,,,-0.0440152891172012,0.09218764312661809,-0.08807160261183199
16.073,11.801,-18.7446995538573,3.7356930824999175,-2.019150400858554,,,-0.0440152891172012,0.09218764312661809,-0.08807160261183199
16.097,11.825000000000001,-18.7446995538573,3.7356930824999175,-2.019150400858554,,,-0.0440152891172012,0.09218764312661809,-0.08807160261183199
16.113,11.841,-18.7446995538573,3.7356930824999175,-2.019150400858554,,,-0.0440152891172012,0.09218764312661809,-0.08807160261183199
16.131,11.859,-18.7446995538573,3.7356930824999175,-2.019150400858554,,,-0.0440152891172012,0.09218764312661809,-0.08807160261183199
16.152,11.88,-18.7446995538573,3.7356930824999175,-2.019150400858554,,,-0.0440152891172012,0.09218764312661809,-0.08807160261183199
16.179,11.906999999999998,-18.7446995538573,3.7356930824999175,-2.019150400858554,,,-0.0440152891172012,0.09218764312661809,-0.08807160261183199
16.2,11.927999999999999,-18.7446995538573,3.7356930824999175,-2.019150400858554,,,-0.0440152891172012,0.09218764312661809,-0.08807160261183199
16.219,11.947000000000001,-18.7446995538573,3.7356930824999175,-2.019150400858554,,,-0.0440152891172012,0.09218764312661809,-0.08807160261183199
16.241,11.969,-18.7446995538573,3.7356930824999175,-2.019150400858554,,,-0.0440152891172012,0.09218764312661809,-0.08807160261183199
16.261,11.988999999999999,-18.7446995538573,3.7356930824999175,-2.019150400858554,,,-0.0440152891172012,0.09218764312661809,-0.08807160261183199
16.279,12.007,-18.7446995538573,3.7356930824999175,-2.019150400858554,,,-0.0440152891172012,0.09218764312661809,-0.08807160261183199
16.3,12.028,-18.7446995538573,3.7356930824999175,-2.019150400858554,,,-0.0440152891172012,0.09218764312661809,-0.08807160261183199
16.318,12.046000000000001,-18.7446995538573,3.7356930824999175,-2.019150400858554,,,-0.0440152891172012,0.09218764312661809,-0.08807160261183199
16.339,12.066999999999998,-18.7446995538573,3.7356930824999175,-2.019150400858554,,,-0.0440152891172012,0.09218764312661809,-0.08807160261183199
16.357,12.084999999999999,-18.7446995538573,3.7356930824999175,-2.019150400858554,,,-0.0440152891172012,0.09218764312661809,-0.08807160261183199
16.373,12.101,-18.7446995538573,3.7356930824999175,-2.019150400858554,,,-0.0440152891172012,0.09218764312661809,-0.08807160261183199
16.393,12.121,-18.7446995538573,3.7356930824999175,-2.019150400858554,,,-0.0440152891172012,0.09218764312661809,-0.08807160261183199
16.417,12.145000000000001,-18.7446995538573,3.7356930824999175,-2.019150400858554,,,-0.0440152891172012,0.09218764312661809,-0.08807160261183199
16.437,12.165000000000001,-18.7446995538573,3.7356930824999175,-2.019150400858554,,,-0.0440152891172012,0.09218764312661809,-0.08807160261183199
16.452,12.180000000000001,-18.7446995538573,3.7356930824999175,-2.019150400858554,,,-0.0440152891172012,0.09218764312661809,-0.08807160261183199
16.472,12.200000000000001,-18.7446995538573,3.7356930824999175,-2.019150400858554,,,-0.0440152891172012,0.09218764312661809,-0.08807160261183199
16.493,12.220999999999998,-18.7446995538573,3.7356930824999175,-2.019150400858554,,,-0.0440152891172012,0.09218764312661809,-0.08807160261183199
16.512,12.24,-18.7446995538573,3.7356930824999175,-2.019150400858554,,,-0.0440152891172012,0.09218764312661809,-0.08807160261183199
16.54,12.267999999999999,-18.7446995538573,3.7356930824999175,-2.019150400858554,,,-0.0440152891172012,0.09218764312661809,-0.08807160261183199
16.554,12.281999999999998,-18.7446995538573,3.7356930824999175,-2.019150400858554,,,-0.0440152891172012,0.09218764312661809,-0.08807160261183199
16.573,12.301,-18.7446995538573,3.7356930824999175,-2.019150400858554,,,-0.0440152891172012,0.09218764312661809,-0.08807160261183199
16.598,12.325999999999999,-18.7446995538573,3.7356930824999175,-2.019150400858554,,,-0.0440152891172012,0.09218764312661809,-0.08807160261183199
16.614,12.342,-18.7446995538573,3.7356930824999175,-2.019150400858554,,,-0.0440152891172012,0.09218764312661809,-0.08807160261183199
