t,x,y,z,yaw
0.0,301.85215034518507,3791.9370635922746,139.620354388513,-1.6447946095608243
0.006496906280517578,301.85157627906534,3792.0103859304513,139.65013496820083,-1.644975709098174
0.00973367691040039,301.8794346687541,3791.9985410697036,139.62829747836085,-1.6451850085351807
0.020544052124023438,301.88781145336657,3791.992468068129,139.65697300280198,-1.645070991341211
0.030312538146972656,301.92204977590563,3791.989910966976,139.63541071672952,-1.6446015641248433
0.04803133010864258,301.93150449654047,3791.9158713915526,139.662836162821,-1.644322033455024
0.051044464111328125,301.9286176806366,3791.894634244672,139.59309153726636,-1.644437276752164
0.05755805969238281,301.92885221588966,3791.9181980663107,139.58436196655668,-1.644371264515739
0.06944894790649414,301.97664309524026,3791.935498163951,139.55569145202807,-1.644593478008547
0.08367180824279785,301.94667283760924,3791.900745816091,139.60802656420952,-1.644574484199661
0.09315776824951172,301.9012957705369,3791.9006884891796,139.6019058185568,-1.6444215876674264
0.10295724868774414,301.8653524439479,3791.8752021109326,139.6255971732922,-1.6445599991759945
0.10966610908508301,301.87916914062487,3791.91832235836,139.59658548548495,-1.6447704923952011
0.11947083473205566,301.8753539985604,3791.971471252078,139.60991053251942,-1.6446510940720949
0.1409165859222412,301.8701534194782,3792.015367958126,139.61091077375264,-1.6452462014778881
0.14093852043151855,301.8685735946567,3792.0098307231024,139.64874219523068,-1.6451034511464386
0.14791512489318848,301.88345801209266,3791.996089829878,139.66290844305047,-1.6448733312047332
0.16233491897583008,301.90647076811825,3791.9623198571894,139.65860476399018,-1.6444622373690647
0.16890859603881836,301.923785116929,3791.9407439239035,139.65300856607158,-1.6442359825482489
0.17864155769348145,301.9005310122756,3791.9224510389686,139.6115580058255,-1.6446152357492725
0.19035601615905762,301.9357573151679,3791.919542417726,139.5728398508709,-1.644501986158594
0.2066941261291504,301.9581423847776,3791.933471619247,139.56996059534902,-1.6444475225078306
0.20992422103881836,301.93544907088886,3791.874165613339,139.57137361765933,-1.6445988951338761
0.22148418426513672,301.8565658904182,3791.892076978973,139.60485309377384,-1.6443199856770678
0.2356112003326416,301.8559066177612,3791.8781124813518,139.6330762704057,-1.6445365369520608
0.23882532119750977,301.85590773565553,3791.901797647393,139.60084783984252,-1.6446503627499554
0.25104761123657227,301.84752141990754,3791.9547327542664,139.63093934088948,-1.6448887857826933
0.2600579261779785,301.8600385597518,3792.018697292101,139.6401922234307,-1.6450395832534872
0.27008700370788574,301.87154500382053,3792.0000210183694,139.64540279496205,-1.6450294056478432
0.2798197269439697,301.9017513927608,3792.011273964492,139.62076270261204,-1.644682721813843
0.31197071075439453,301.91398913125596,3791.97345324479,139.68500827982203,-1.6444468221527018
0.31202077865600586,301.93177092630606,3791.9257496609434,139.63728874857273,-1.6446072692932177
0.3120298385620117,301.9512210086414,3791.9256035059148,139.5939089051634,-1.64440866394433
0.3217592239379883,301.93178116463906,3791.8982544544456,139.57351094192666,-1.6445312964293428
0.3380544185638428,301.9400215178531,3791.9129806814794,139.60161451925376,-1.6445233951172136
0.33806657791137695,301.9773255997294,3791.9091409127655,139.56199711181168,-1.6446465078772279
0.3535158634185791,301.9018870212409,3791.8975137220923,139.6236993378873,-1.6444117202187616
0.36704373359680176,301.85229591619316,3791.8385063223536,139.64048174008954,-1.644239966806791
0.3784444332122803,301.88192477980414,3791.9042792427485,139.60655843342147,-1.6445916688293305
0.37847399711608887,301.884177658629,3791.97431962901,139.5705153862013,-1.6448514711557363
0.3918342590332031,301.877339995007,3792.034604586507,139.60830261382708,-1.6450169652658742
0.4076967239379883,301.876858320585,3792.0088970123634,139.64973728650705,-1.6447667541674422
0.4077322483062744,301.88238977863153,3791.996456828631,139.61972954661496,-1.644880006714442
0.41947150230407715,301.9193075478757,3791.9726374596194,139.66013781775314,-1.6447510533239997
0.4292287826538086,301.9203365177461,3791.9136709961385,139.6841902326233,-1.6442239892960617
0.4429011344909668,301.9242387292169,3791.8920145857937,139.60189785516437,-1.644572660761258
0.45271921157836914,301.90673362476616,3791.9001127199954,139.5929694883025,-1.6445835309525356
0.460512638092041,301.9404009025145,3791.931070651696,139.5774939414196,-1.6444725275882275
0.48789334297180176,301.9272229323401,3791.902043083956,139.5846059294441,-1.644496154025787
0.5093932151794434,301.8661245820786,3791.9108933887883,139.61345830941676,-1.644313016406259
0.5126543045043945,301.89921604599436,3791.8858010951167,139.61123372868474,-1.644622000239952
0.5126807689666748,301.88564724388095,3791.906371169117,139.5778919097007,-1.6448016971312558
0.5126981735229492,301.86949926895204,3791.9612976526187,139.6335971332882,-1.6449673020776705
0.5436155796051025,301.862666597472,3792.027794926234,139.64127953824973,-1.6449259414513244
0.5436558723449707,301.8850653129508,3792.0156127553187,139.64242615894912,-1.6453468128804671
0.5924360752105713,301.91581810611854,3792.0113150554985,139.6135537954984,-1.6451189200556757
0.5926165580749512,301.90562883785367,3791.9649703242408,139.68149892562272,-1.644418181208557
0.5939266681671143,301.9507614622832,3791.94218347278,139.6732626915191,-1.6443511038588356
0.597766637802124,301.93588139798425,3791.921245832388,139.5894868593128,-1.6444500952804761
0.5978515148162842,301.966416740173,3791.9056378859427,139.5701609490078,-1.6446040257262602
0.5978975296020508,301.93941556315565,3791.929315043917,139.566470793413,-1.644538399590747
0.6107134819030762,301.9515459142425,3791.918258924218,139.57569747055783,-1.6444469946723717
0.6108036041259766,301.92117264343943,3791.9065689251893,139.5731823404275,-1.644431068227547
0.6276688575744629,301.89268740887275,3791.8886345683236,139.57635905913324,-1.6445581250723806
0.6580102443695068,301.86630847376824,3791.9095178046405,139.61897159042232,-1.644600176387082
0.6580560207366943,301.85261192900555,3791.974272127486,139.58088897067753,-1.6450866562855788
0.6581008434295654,301.8522700251352,3792.0278796292037,139.63130388473456,-1.644923290946729
0.6612675189971924,301.88711882061386,3792.032838511439,139.64277583841087,-1.6447275820894705
0.6710679531097412,301.90122583678584,3792.019982438903,139.61050057062255,-1.6446920525661681
0.6776502132415771,301.9000848535738,3791.975262447904,139.65659754983292,-1.6445391260625999
0.6893870830535889,301.9337215964932,3791.9432628641325,139.64265165986205,-1.6443609370933858
0.6996042728424072,301.938738041687,3791.9347134472646,139.6017346925691,-1.6443693515635611
0.7225263118743896,301.93265401414965,3791.9282869315066,139.57273050058865,-1.6444842608550778
0.7225825786590576,301.9701159783537,3791.9359342105563,139.52470575200275,-1.6447906975944795
0.7290453910827637,301.9706500960585,3791.921707322778,139.53111417512173,-1.6447209586102487
0.7375497817993164,301.8819080756699,3791.90229130598,139.58625547051176,-1.644459175700588
0.7496035099029541,301.8961577135434,3791.876697487086,139.5830384522109,-1.6441959097036398
0.7622110843658447,301.8632182689742,3791.902447596524,139.5907139320798,-1.6445409649399816
0.7654147148132324,301.85126258490027,3791.967215538572,139.58647309369312,-1.644909795417428
0.7844066619873047,301.8966667085364,3792.025594222827,139.59089581014058,-1.645191853958417
0.7909286022186279,301.91457949804607,3792.02116440354,139.61885753523782,-1.6449531699490543
0.8036134243011475,301.95491977143445,3792.2170224865035,139.538427868863,-1.6450008841786776
0.8177964687347412,301.90409241570524,3791.974791755525,139.67264684777723,-1.6446022019353523
0.8242802619934082,301.9421456996743,3791.945828018769,139.6021313949462,-1.6446003695850637
0.8397772312164307,301.9453095902494,3791.919677696008,139.6059355287158,-1.644423064183583
0.8568730354309082,301.9361563006166,3791.9074072568787,139.58257663795416,-1.6445616583264309
0.8569440841674805,301.9426391394595,3791.9113451797157,139.56283339664236,-1.6444816911805167
0.8939304351806641,301.9536460155615,3791.9085552569586,139.5424385751684,-1.6442257968985623
0.8940017223358154,301.89607465890003,3791.9037694492163,139.58703031251426,-1.644449221835922
0.8971912860870361,301.87607804940666,3791.8736133731063,139.58019573631194,-1.6445069295157217
0.8972139358520508,301.9008671572602,3791.9062263330143,139.57466900576273,-1.6444049364860847
0.9317641258239746,301.86853873728796,3791.95676585117,139.58067310246648,-1.6445986770823027
0.9317989349365234,301.83178133398167,3791.99208074313,139.6252858516973,-1.6451123122955056
0.9318046569824219,301.8616824216893,3792.004639125519,139.60320721723176,-1.6453500177393585
0.9318101406097412,301.89265197818406,3791.998215635425,139.60903522231513,-1.6448866918260412
0.9417085647583008,301.9002490505727,3791.954264514018,139.67090269467658,-1.6448024843760305
0.9517917633056641,301.90195580375257,3791.8955789358056,139.6547583562688,-1.64456057344788
0.9694428443908691,301.97777797796414,3791.903941539661,139.59356260906551,-1.6445023104090954
0.9695489406585693,301.9290355620668,3791.889025442904,139.60187081037856,-1.644568648504931
0.9780440330505371,301.9367867672475,3791.929236964384,139.59325933690013,-1.6446573973276155
0.9964251518249512,301.9382679609502,3791.9037420644017,139.56276151152218,-1.6445414282042343
1.0131473541259766,301.92043904115394,3791.8697842202732,139.6063925898243,-1.6444205857786967
1.0216705799102783,301.8641132058109,3791.86278025787,139.5871898895215,-1.6445663954956524
1.0480937957763672,301.85515864946836,3791.9158184414473,139.56587539041368,-1.6446972470070254
1.048140525817871,301.8737558008221,3791.977412458248,139.54992778383524,-1.64494680456003
1.0922143459320068,301.8655856209017,3792.007562201503,139.62513735805607,-1.6451606912245063
1.092270851135254,301.88396557179027,3792.009221967596,139.61487998916527,-1.6448039909762673
1.0923089981079102,301.8993720620849,3792.004250720744,139.61634467730562,-1.6451505700527618
1.0923175811767578,301.9407751512292,3791.9847969531575,139.61759973107007,-1.6445259321848373
1.1019227504730225,301.9460522990415,3791.9323602847917,139.61809988146976,-1.6441814303412958
1.1019606590270996,301.93257415420635,3791.92969366385,139.55568421213883,-1.6444606764689527
1.1019701957702637,301.9419217937275,3791.9180973230636,139.5835930451293,-1.6443564678477167
1.308166265487671,301.9518118037918,3791.937497134046,139.5589030527292,-1.6447622479721329
1.3081974983215332,301.95827207208436,3791.9064046049457,139.52712589548005,-1.6444031232218832
1.3082020282745361,301.9306422593558,3791.88150301853,139.59062606694005,-1.644655397247415
1.3088910579681396,301.8978160850822,3791.8641574042877,139.57509207672751,-1.6443851634065338
1.3089206218719482,301.8756352789493,3791.8953554181057,139.6084208716502,-1.6446609137835488
1.3089337348937988,301.84553142534037,3791.9398613419116,139.6088451621055,-1.6448303353466944
1.3089382648468018,301.8647740251634,3792.012999443931,139.6269882948358,-1.6451744843696074
1.3089854717254639,301.88203485909236,3792.032900014438,139.63955116475296,-1.6448035482712087
1.3089959621429443,301.91693198158924,3792.0241133625555,139.5924250490809,-1.6451357114318887
1.3090054988861084,301.9021204084794,3791.9846191355427,139.6285188596927,-1.6447300315623243
1.309943675994873,301.92592564828175,3791.9287254071664,139.65814141999186,-1.6443868473935026
1.3099610805511475,301.9363889584142,3791.9092473193537,139.6054989343362,-1.6444936597996422
1.313197374343872,301.90053100605064,3791.8991890454654,139.5710937857169,-1.644427530891904
1.3132076263427734,301.93250881678307,3791.901431882815,139.5733588703485,-1.644313417216294
1.3132152557373047,301.97413453688813,3791.911249734685,139.55908212945553,-1.6445000419118572
1.3132593631744385,301.9227448695644,3791.8968239301166,139.57259001197855,-1.6444597885333432
1.313272476196289,301.86880632445803,3791.870243913311,139.6318708054032,-1.6445457271006867
1.3133373260498047,301.8584931986781,3791.869369839873,139.6191440082619,-1.6447163373024962
1.3133480548858643,301.85330677052053,3791.9441230961083,139.58185196167403,-1.6450171295003828
1.3133561611175537,301.8637405137192,3791.9856204421794,139.632660021587,-1.645283585684122
1.3133854866027832,301.8681706227597,3792.009753351026,139.63079716130204,-1.6449060958204142
1.336491346359253,301.88182791425737,3791.999020330895,139.63374493058117,-1.644990747700726
1.3365254402160645,301.9217835979635,3791.9804884589985,139.65229896174085,-1.6447891121725362
1.3461494445800781,301.91120468257355,3791.9442321282004,139.64831229000401,-1.6444791340248772
1.3612511157989502,301.94985129038344,3791.9240306987717,139.64561117019568,-1.6443040663664934
1.3829550743103027,301.9360475764076,3791.925278962914,139.58843736564995,-1.6445717843152234
1.3830585479736328,301.9776342059373,3791.9296889821776,139.53302929051387,-1.6445799691719392
1.3830986022949219,301.97131524439953,3791.9124932657273,139.55800753889338,-1.6445524904263884
1.3893828392028809,301.9209888127993,3791.888612501251,139.56912363105164,-1.644776649098449
1.4004108905792236,301.8837802973387,3791.9077298988213,139.60899737172986,-1.6447375283428753
1.4171979427337646,301.8816142592777,3791.892455494535,139.56878576062775,-1.644441820117148
1.4237573146820068,301.8264207698851,3791.949028300448,139.58717555606992,-1.6447026194673797
1.432197093963623,301.8681018194635,3792.020266409999,139.59293369799698,-1.6453377549867685
1.4437735080718994,301.89957626349667,3792.0404209236945,139.63836004525137,-1.6448547663034123
1.4510078430175781,301.9058278652144,3792.0027947766225,139.61892150487193,-1.6449566986129545
1.4586291313171387,301.9224419485172,3791.988383144346,139.64034138043425,-1.6446134076143946
1.4721450805664062,301.9217651318596,3791.942035702527,139.638695036089,-1.6444036896732008
1.4818720817565918,301.95325262951087,3791.952288705337,139.61459190514014,-1.6443175291699348
1.4902081489562988,301.9499186037242,3791.93902382628,139.57400562259647,-1.644601586845459
1.506394624710083,301.9434569495596,3791.9395755864994,139.56319331792866,-1.644567488716674
1.5129022598266602,301.9380078289033,3791.9268152003146,139.5473549616867,-1.6446899116141904
1.521975040435791,301.93321513012717,3791.9106622058944,139.57721210594465,-1.6445251953517543
1.5317301750183105,301.88866603787915,3791.900612282771,139.57989385367313,-1.644403809507801
1.5551567077636719,301.8322978148221,3791.915801765138,139.60054010764327,-1.6446045144298642
1.555203914642334,301.84639362696254,3791.9561867062725,139.5930780413143,-1.64487712988695
1.5584189891815186,301.8555562788748,3792.0093803720256,139.65453906284762,-1.644998374771802
1.575197696685791,301.8897243532517,3792.0357800079883,139.6241144739926,-1.6449817341195483
1.5816948413848877,301.88197122127013,3792.0019643019014,139.64393529182786,-1.6448747802735326
1.594695806503296,301.89572699895456,3791.954585921003,139.63948551601052,-1.6448649714327739
1.608468770980835,301.94169502727794,3791.9364453930875,139.63417968199806,-1.644455511537347
1.608496904373169,301.8919641489945,3791.9030338392263,139.65987727654556,-1.6442608219033885
1.6190338134765625,301.92390234416274,3791.9186179769217,139.57478728648928,-1.6445015211203042
1.6352875232696533,301.9545101379834,3791.924437494682,139.58362564329832,-1.6445013571321656
1.641829013824463,301.96296536176266,3791.9140737059593,139.57407149462236,-1.644390766341925
1.6495678424835205,301.9072651661135,3791.903384124121,139.59463669820678,-1.6445248823913412
1.6583893299102783,301.9101586953501,3791.868903369563,139.5661613990103,-1.6448698406722146
1.678511619567871,301.868793708131,3791.872847383632,139.59492650020394,-1.6445312449010727
1.681746244430542,301.83202175754957,3791.9149177773993,139.60014480774817,-1.6448291424080221
1.6959221363067627,301.8867765377423,3792.005260699883,139.6203094021402,-1.6450877324544737
1.6991851329803467,301.8739392561806,3792.002788248694,139.6772329834135,-1.6448867108788487
1.7090086936950684,301.9030042800948,3791.98861822135,139.64413653963675,-1.644989372412104
1.722212791442871,301.91287096258225,3791.9486500934304,139.66094764037064,-1.6447169750694097
1.7326836585998535,301.98801493942875,3791.9335010772716,139.6120978175826,-1.6446634046347155
1.7412090301513672,301.934138793038,3791.914972566204,139.64483133151361,-1.6442575879730232
1.7490499019622803,301.9160787651,3791.9047727985007,139.5722525823417,-1.644760540516735
1.7666723728179932,301.9099069982224,3791.9073093795246,139.60668906394386,-1.64459628652406
1.774266242980957,301.94946812785173,3791.899935294715,139.5718712898141,-1.644371179119338
1.8001487255096436,301.9238086888713,3791.8828588928423,139.57952570936789,-1.6444186917363801
1.8034718036651611,301.9009481051414,3791.860843800251,139.58133040011128,-1.6446227418622275
1.803518533706665,301.8452398475805,3791.874341983299,139.6054549178187,-1.6444338864135195
1.8108396530151367,301.84209585341705,3791.911582343245,139.59871926845938,-1.6447043527293757
1.8194186687469482,301.85310538798745,3791.985756397657,139.6213525518156,-1.6449111581160685
1.8389701843261719,301.88414082073916,3791.9946416662838,139.64863166757698,-1.6449762437886122
1.8390202522277832,301.91416080737963,3792.0146789831347,139.58093929322547,-1.6449816765513159
1.8573145866394043,301.9207173982092,3791.984084126995,139.64050238656517,-1.6449303227756686
1.8604402542114258,301.9138156852708,3791.930180164588,139.62854281613548,-1.644434299055572
1.8753464221954346,301.94099203912486,3791.927616355447,139.60882021486813,-1.644481656153403
1.885014533996582,301.94736224886964,3791.932245972371,139.56712053753904,-1.644370261492657
1.9064126014709473,301.9752950727412,3791.9202335517484,139.54089850631152,-1.6446908918112875
1.9064350128173828,301.9606443599881,3791.915547739221,139.54535998985295,-1.644612243437238
1.9096581935882568,301.918214679698,3791.8994506314657,139.60704511807904,-1.6445817212049376
1.9199981689453125,301.92788610011667,3791.889915867951,139.59714267940893,-1.6442228001781927
1.950308084487915,301.8596497940264,3791.8720540085083,139.59023849129377,-1.6445228042602034
1.9503529071807861,301.8562774170824,3791.9180085182797,139.579928315364,-1.64490182469241
1.9504015445709229,301.8618737080443,3791.978667926113,139.6048391847783,-1.645191825875664
1.962097406387329,301.89167097374724,3792.0105502036736,139.62045455574076,-1.6449213143209167
1.9803831577301025,301.8765053372042,3792.00477118491,139.64781698502145,-1.644721694600032
1.9803991317749023,301.8967296772975,3791.990187759158,139.6009893409196,-1.6447841387139097
1.9869413375854492,301.93143108354843,3791.961232967238,139.62546940719187,-1.6443472711839515
1.9980018138885498,301.9459016234614,3791.918126818049,139.5533382285023,-1.6444459465292829
2.0093836784362793,301.90655210990224,3791.8935785580225,139.6120738690555,-1.6443943497122424
2.0190236568450928,301.9458680032185,3791.919404355852,139.547522447778,-1.6446426287341795
2.0275511741638184,301.93348871524773,3791.882954042955,139.57784624233904,-1.6446559827383143
2.0432357788085938,301.9206707699125,3791.8777360358795,139.58272560926045,-1.6444754621830129
2.0497803688049316,301.897613980792,3791.8549183672694,139.61638941329295,-1.6445977301263925
2.061537742614746,301.8792219506337,3791.858909675841,139.6040081350751,-1.6443817551661954
2.078810214996338,301.86269261184805,3791.8900937326143,139.6036723316572,-1.6446881409311052
2.0820541381835938,301.8701170431201,3791.9914893401083,139.58953722676867,-1.6450303725119173
2.0886027812957764,301.88468337335496,3791.985631009305,139.6138511573988,-1.6450736787546558
2.100393772125244,301.88863992439417,3792.0037588184987,139.60592901493268,-1.6449173306656903
2.106934070587158,301.9302699454339,3791.954899360741,139.5957014157759,-1.644807626263101
2.1238696575164795,301.9380615901262,3791.9116632586392,139.65705843259738,-1.644465616300679
2.127153158187866,301.93792162767534,3791.895848774057,139.6276535718326,-1.6441305638621588
2.1471619606018066,301.943792240921,3791.867481227023,139.5744461674243,-1.6442945830535094
2.147186756134033,301.9440473122202,3791.928187529741,139.55946340327503,-1.6445166834930505
2.160989999771118,301.96641375859366,3791.915510287727,139.56110992151199,-1.6444468480701093
2.1903791427612305,301.950829283253,3791.9003230644466,139.53889617089416,-1.644427381553122
2.1904354095458984,301.89921542275323,3791.879434895251,139.59400236116,-1.6443898317359626
2.1936464309692383,301.86534020081746,3791.8910309121443,139.57886644927473,-1.6442200756732956
2.200169801712036,301.8769603958517,3791.9347625588525,139.561405336182,-1.6448317607468836
2.208667516708374,301.89632352563484,3791.978831446252,139.58575565418332,-1.6452621098298599
2.220479965209961,301.8789676883784,3792.0272323784056,139.6574198739588,-1.644949827557796
2.2308740615844727,301.8921208421906,3792.0134826685194,139.60922604765173,-1.6450055608020453
2.2497451305389404,301.92458438706007,3791.9866476651923,139.60100376289148,-1.6446864793967286
2.253121852874756,301.924485993234,3791.931991528031,139.67707415549106,-1.6442272947979986
2.259512424468994,301.9316048678652,3791.8986216918124,139.64196391707264,-1.6442467984042315
2.2710204124450684,301.9693536215992,3791.8741756514682,139.57268334696138,-1.644543723062315
2.282792329788208,301.98099795448076,3791.8913258659277,139.548429339477,-1.644706988436424
2.2952611446380615,301.9745679296149,3791.87075932476,139.55059495365646,-1.6443848075810608
2.3017823696136475,301.95990108823025,3791.849504118619,139.5736936019932,-1.6443055803045745
2.3119425773620605,301.87953173645826,3791.8464973871464,139.58946315332372,-1.6449115163267511
2.323768377304077,301.8941239557718,3791.8812823023527,139.5681678784164,-1.6446763197897931
2.33681058883667,301.8363830260167,3791.921582117996,139.5738005472582,-1.6445699564830791
2.3531758785247803,301.88841546194,3791.9688224068345,139.56286566315237,-1.6451158224633204
2.3532209396362305,301.86713895487406,3791.996595457323,139.6381906603195,-1.6449454130011796
2.365027904510498,301.8934603555776,3792.0137139357175,139.62076977020027,-1.6447791904400983
2.3999452590942383,301.93301875240746,3791.9919318017337,139.63703999086965,-1.644524389612113
2.399972915649414,301.9196710026595,3791.9186116380856,139.63073931818568,-1.6443531737998909
2.399986505508423,301.9600481172427,3791.896376778977,139.6346329258066,-1.644474557920734
2.410578966140747,301.9887744137797,3791.893574614775,139.586832613095,-1.6444931921754131
2.4138500690460205,302.0124415055589,3791.862313484481,139.56202323175617,-1.644738261764321
2.420452833175659,301.97816897830927,3791.8406908664356,139.60669801773147,-1.644459699967242
2.428887128829956,301.95939338283455,3791.8242124446406,139.57309543891134,-1.6444480167291449
2.4373676776885986,301.9106669488033,3791.8648761820878,139.5920538624375,-1.6445414501681104
2.4654617309570312,301.8742401920848,3791.9276689973312,139.57653231919852,-1.6444227226171975
2.465510129928589,301.8599165427827,3792.00145515253,139.60770665729484,-1.6444412168869034
2.4727842807769775,301.8813885058881,3792.061660199237,139.5925108090902,-1.6448829967977208
2.487445592880249,301.87709269039794,3792.0427808302798,139.64194551242977,-1.6450436741475445
2.4906747341156006,301.9231085005623,3792.0036176126077,139.61717918983706,-1.6450069043872177
2.5008420944213867,301.9561534431223,3791.9778260818716,139.62976725730974,-1.6449024651389503
2.5176162719726562,301.9399458046029,3791.922354845587,139.63022580854508,-1.6445238524633703
2.517656087875366,301.93094443187766,3791.884733209236,139.6478448616745,-1.6444000619049817
2.5326900482177734,301.9441958211164,3791.9010925198672,139.62310520013435,-1.6443106890456853
2.5592756271362305,301.9423823072038,3791.904190638332,139.59294233303726,-1.6445240312681486
2.562501907348633,301.95505141974616,3791.9143523542657,139.56998539276657,-1.6445431007393159
2.5625622272491455,301.924937073542,3791.894491296151,139.55665509906333,-1.6445267954844638
2.5787863731384277,301.8743505381121,3791.866251086365,139.5996146567948,-1.6444999226035018
2.591843605041504,301.8565931038247,3791.9195329693025,139.58105374781306,-1.6444892767567325
2.5950753688812256,301.874640508065,3791.928090323655,139.58583929546595,-1.644716164493029
2.6084980964660645,301.8800869378734,3791.993875348101,139.57347367073532,-1.6452387470293088
2.61171817779541,301.86333678054626,3792.019888953675,139.64223871655224,-1.645048611929818
2.6185996532440186,301.9138150014711,3792.012840040259,139.63858064349583,-1.6448805922586616
2.627812385559082,301.9478597940061,3791.9886131671738,139.66937404167834,-1.6449104555219412
2.639704465866089,301.96551323039813,3791.9350838114865,139.68639362484691,-1.6445887866564985
2.6616592407226562,301.96027387736757,3791.896675664999,139.66446007582445,-1.6443484338971117
2.6617836952209473,301.98830285602025,3791.911131361,139.56825255123687,-1.6446329433526132
2.6703944206237793,301.957895934397,3791.8929284257733,139.56706719452717,-1.6446882526418765
2.682054042816162,301.9753028270257,3791.8848139228735,139.55737610163095,-1.6443531582193205
2.692366600036621,301.9944912964623,3791.8888149165196,139.5575963609066,-1.6445429352804382
2.707411766052246,301.9182656841531,3791.893594036855,139.58285892502238,-1.6442611943139738
2.715923309326172,301.91050290071917,3791.870360955794,139.59336908162146,-1.6443788157050945
2.7226219177246094,301.84282556622867,3791.908309993405,139.6077731735388,-1.6447223237879078
2.7323315143585205,301.8775539132738,3791.983844929912,139.61016913450194,-1.6450226280460818
2.742616891860962,301.8722951835907,3792.0428842939186,139.64641653937622,-1.644806680973407
2.7491676807403564,301.8826101404351,3792.061165986769,139.63495324159322,-1.6451282069844206
2.769181489944458,301.9243198649057,3792.0958329809255,139.63661506103236,-1.6448210635115628
2.7692058086395264,301.94697050421564,3792.004714882375,139.63147966216934,-1.6442451261560656
2.778296947479248,301.94026840216577,3791.92367836919,139.64542434074886,-1.6443640884547046
2.7948503494262695,301.95061081768245,3791.905744725209,139.58592162207196,-1.6445253502740698
2.7981045246124268,301.92671343484403,3791.9593837659477,139.5645208193667,-1.6442637589684341
2.813136100769043,301.98057086565467,3792.273485352296,139.50604782234277,-1.6439574800649988
2.8211560249328613,301.8114133920407,3791.562572796826,139.56572756279888,-1.6423343534425339
2.829577922821045,301.61377555643327,3790.0039026559325,139.83652829038553,-1.6403034077057128
2.8653759956359863,301.22660672413934,3787.5385857579067,140.39152237862598,-1.638867076846812
2.8654181957244873,300.87931014458593,3784.3451564695033,141.06427094198398,-1.6394682472415394
2.8654580116271973,300.8057120545395,3780.714215299411,141.17705228837795,-1.6379545747960889
2.873490571975708,300.34131015189405,3776.25296829506,141.59415479384492,-1.6394310858436718
2.8832180500030518,300.1058245835375,3771.7000252170187,141.23151182095725,-1.6385189008027026
2.8897528648376465,299.76601485376955,3766.020013418665,141.06951435306576,-1.637787885487817
2.909691572189331,299.16895439160504,3760.0560409281125,141.1998948529419,-1.6387025557272072
2.919656276702881,298.6684489509396,3753.284212544592,141.23178876220166,-1.6386815826092556
2.919700860977173,298.2642987580547,3745.840796859391,141.08025120437503,-1.6387264130719328
2.930659770965576,297.6925987451319,3738.394193878412,141.13631604043252,-1.6378386078251785
2.940368175506592,297.1432892435867,3730.2269915306065,141.25810260226956,-1.6382812720491797
2.948917865753174,296.37360269921896,3721.755465759962,141.42758297034817,-1.637067796786128
2.9701056480407715,295.3896175058947,3712.618678533216,141.71220872019643,-1.637885855705499
2.98885440826416,294.74815172132577,3703.1363068755822,141.56573740516552,-1.636840737382587
2.9889466762542725,293.77654615021794,3693.157132145398,141.41975042324438,-1.637618614906604
3.0006625652313232,292.8610573078478,3683.1272429183487,141.2857297960618,-1.637006673366406
3.0006940364837646,291.8590989485112,3672.676901173418,141.18095384038483,-1.6367118185627494
3.0118818283081055,290.9549036043717,3661.7527953266936,141.1913733958718,-1.6362707667979244
3.0232863426208496,289.9167063622513,3650.396860325951,141.25150700994323,-1.6363770095458712
3.0297765731811523,288.917926833624,3638.977772495142,141.53304835441688,-1.6353855704619777
3.040726900100708,288.044777073087,3627.135040398664,141.49007996957195,-1.636035376825888
3.049166202545166,287.0296863637939,3615.319264442021,141.80134586433596,-1.6371589442949073
3.0740644931793213,286.17059983020397,3603.2120013432477,141.44076544342505,-1.6375135510234229
3.074099540710449,285.3094513348988,3590.902092126787,141.2214457651649,-1.63714550683699
3.0773448944091797,284.3128842190639,3578.05648898193,141.19855497339995,-1.6376872504666824
3.0936498641967773,283.31686349016536,3565.0535228828944,141.35864210982746,-1.6372358425063602
3.101724147796631,282.1864984517847,3551.7360231141656,141.3528571467006,-1.6375973132328818
3.1219472885131836,281.1169450850495,3538.7128376624046,141.44108089466607,-1.6364436148556567
3.1291415691375732,279.90470691052343,3525.007428051327,141.49052065018455,-1.6377718361825655
3.129187822341919,278.7377750106904,3511.1547282340207,141.3987400824063,-1.6377500617440859
3.1464555263519287,277.6548724176494,3497.5599524055333,141.34053288422731,-1.6370163213949078
3.149759292602539,276.5926629603785,3483.79994943428,141.29130522080084,-1.637258042773232
3.1741726398468018,275.38715595568505,3469.7598893717,141.34758557033658,-1.636026620557849
3.1774187088012695,274.2310747461016,3455.2460355007424,141.5785705749173,-1.637050368856653
3.177445888519287,273.07334170278006,3440.630528495958,141.5846535724096,-1.6368265568690092
3.1892871856689453,271.9186117741547,3426.0357867021517,141.62238920576806,-1.6375036011760584
3.1977787017822266,270.7579707875891,3411.5504977571522,141.62620104724226,-1.6372436120914737
3.2128677368164062,269.62155564570384,3396.8843053771116,141.68987809949704,-1.6361767058932335
3.2212142944335938,268.3303788184802,3381.8490673961132,141.82334976060355,-1.6365590944417274
3.2313523292541504,266.9006479271686,3366.589584396653,141.83862785919496,-1.6361254703336938
3.2411067485809326,265.5923289974687,3351.2296029443714,141.75972727845013,-1.6355950219185984
3.2509100437164307,264.2875478923921,3335.879929103227,141.73952668068017,-1.6364824865767895
3.2593533992767334,263.0286829815482,3320.635777871159,141.88523421389155,-1.6367867782330485
3.275423526763916,261.9822802269215,3305.356532407258,141.92155244233578,-1.637176246859114
3.2870380878448486,263.11188102219114,3289.9614361698414,138.72172658324672,-1.6564351925898313
3.2945613861083984,261.9461193233047,3274.386653633472,138.95323375918494,-1.6560655421269843
3.30108380317688,260.7164977835463,3258.501514289944,138.91232761225044,-1.6571587126539615
3.3095829486846924,259.55250128792557,3242.6305812145015,138.37811742880328,-1.6566709088468197
3.319338083267212,260.88531062804054,3226.619894730053,135.1157817740237,-1.6372513613047426
3.3335206508636475,259.67014673163,3210.5535623213123,135.06243104134353,-1.6376713800594522
3.3368425369262695,258.29436837139133,3194.468122367762,134.99574850136761,-1.6381940216594306
3.3498268127441406,256.8768382344232,3178.60235496892,135.1987586308471,-1.6367992696326341
3.363295793533325,255.55420010352813,3162.8051896728357,135.0331790778659,-1.6390724030393466
3.380615234375,254.17470861259451,3146.6289778386695,135.1211215366162,-1.6385551264383633
3.3838376998901367,252.84179812691679,3130.2337406862093,135.16876191183815,-1.6388372917028844
3.3920791149139404,251.43937666447556,3113.8098567986476,135.14699581479235,-1.6391061810783292
3.400141954421997,250.09433479224683,3097.5553774409177,135.33469430525176,-1.6380393555868304
3.4126880168914795,248.71715402791784,3081.2793311126416,135.4428227336433,-1.6377798050356767
3.419172763824463,247.2417944389197,3064.7415743611487,135.52372160170003,-1.6373563188186573
3.4342262744903564,245.72326101368262,3048.0649817286517,135.50721213551896,-1.6365855170146546
3.4374661445617676,244.23566693942658,3031.3180824618366,135.37834493158323,-1.6364903886884872
3.449875593185425,242.70590334693347,3014.573672325014,135.33000484471245,-1.6365375599258523
3.466196298599243,241.45115822991463,2998.0443763367493,135.35022804838312,-1.6370261950978084
3.48006272315979,239.9654700038075,2981.6662797695203,135.37574797830973,-1.6376940369500115
3.480098009109497,238.5830330894138,2965.1168987160604,135.36689966235377,-1.6378281809932456
3.5051233768463135,237.2489016610228,2948.2539597925593,135.31676691408924,-1.6379203829313722
3.5051541328430176,235.84743485389205,2931.30863600452,135.28312097912345,-1.638433676967987
3.5154762268066406,234.51652660768056,2914.3798241261115,135.2704459694076,-1.6390021516539792
3.522030830383301,233.16019483668788,2897.37591608472,135.13874288550784,-1.6388765586140428
3.528517007827759,231.72091144020416,2880.4615047216766,135.04517995475518,-1.6392108210597855
3.5395171642303467,230.3400582262768,2863.6989455445682,135.0411152632562,-1.6390985233282784
3.553224802017212,228.8974443447288,2846.8227190430166,135.1010706398608,-1.6393313500883335
3.5661189556121826,227.4695725875779,2829.70590565504,135.1665558172844,-1.6393346096502652
3.594386100769043,226.10520205124598,2812.324838443204,135.21497873736382,-1.6406009157445425
3.594409942626953,224.6919569341322,2795.3219208458277,135.31847890239607,-1.640597644200177
3.594440460205078,223.22054887676512,2778.461384739869,135.5726895900753,-1.6396399671742594
3.6148271560668945,221.71921085755895,2761.4899764155457,135.68668146787002,-1.6397476333783252
3.6148576736450195,220.10444835191984,2744.2765378423246,135.77840619648464,-1.6387350202666517
3.6401665210723877,218.4154976849923,2726.9569323309493,135.74454139890915,-1.638462748534013
3.640223264694214,216.8033946719799,2709.6656323124434,135.64928467048682,-1.6382898222678528
3.6402359008789062,215.39289645924185,2692.536158081552,135.6540694059966,-1.6381595495836347
3.652047872543335,213.94488981117476,2675.6546953142933,135.715586358959,-1.638251833396221
3.6585326194763184,212.33135651936294,2658.8237212118306,135.81075299242465,-1.637763772468121
3.6669623851776123,210.82408064756223,2641.661831233557,135.8728908282708,-1.6375405737093898
3.6855926513671875,209.3767084808668,2624.3143104624573,135.93340299944066,-1.6369546968095787
3.6888556480407715,207.8675851322514,2606.9464741388488,135.96673813173987,-1.6369422468057124
3.69862961769104,206.34986797215032,2589.550767950865,135.98901410004908,-1.6368756715011241
3.709688663482666,204.90052823678275,2572.2848018267505,136.03452132493928,-1.6364779510119487
3.7193853855133057,203.3099725291149,2555.2955079729877,136.147960382363,-1.6368365008208692
3.729248523712158,201.79817605867737,2538.241572612215,136.36182961126826,-1.6364402879451054
3.7408151626586914,200.30401237568094,2520.8905823078812,136.61385383304096,-1.636525593213892
3.7525906562805176,198.9194862329747,2503.513588819906,136.7803952050288,-1.6368289517303196
3.769244909286499,197.49102467533723,2486.160758262574,136.86385301457048,-1.636941737308521
3.7692880630493164,196.03796950823087,2469.0477850182083,137.11311674288228,-1.635776670928185
3.7810027599334717,194.58311583694007,2451.884744970746,137.27621500174067,-1.6363520435446803
3.7909164428710938,193.1267866580221,2434.5415558180134,137.43260597307048,-1.635239364566984
3.8025829792022705,191.57684577460108,2417.040915449315,137.42548401480946,-1.6347978032599266
3.813323497772217,190.08164924537044,2399.5450289726195,137.5031639161049,-1.6344299312980044
3.8204293251037598,188.74048548154306,2382.164085031395,137.58671769613508,-1.634682931584337
3.8582355976104736,187.42945053878518,2365.0694005449086,137.72814666403792,-1.6347711573592403
3.8582417964935303,185.90435970620567,2348.1050163112536,137.98977114296642,-1.6344880336533363
3.8582839965820312,184.46644502489616,2330.7590131762486,138.07389655955404,-1.6341142094067715
3.899326801300049,183.090913911453,2313.2444550353575,138.27688625138174,-1.6343657658887825
3.8994948863983154,181.5879709212086,2295.7254336744036,138.44438968550995,-1.6343399574315727
3.899514675140381,180.12207582820636,2278.183991351178,138.4578510368979,-1.634247484870196
3.9024910926818848,178.73341973478188,2260.7826010514536,138.4914061107876,-1.6344615092645298
3.909010171890259,177.23529116456632,2243.695186446156,138.52576376202938,-1.6344468971028083
3.9188232421875,175.69536166886715,2226.567511591417,138.66713285597564,-1.6343288514644674
3.9306178092956543,174.25556711298063,2209.163793048599,138.89526768680477,-1.6340130279952645
3.937959909439087,172.90853946494101,2191.632056103981,139.00094781453353,-1.6347726552214021
3.941129684448242,171.5423970382684,2174.200419880887,139.2305483016965,-1.6341425397688951
3.951016426086426,170.05211763185773,2156.960730413347,139.48032543564048,-1.6333237748793163
3.9597744941711426,168.60574764074593,2139.6864818545437,139.6964285789786,-1.6334011256579999
3.971346378326416,167.08399257784606,2122.2904638278396,139.7901025099751,-1.632554656156862
4.003358840942383,165.53238543802203,2104.6916347559995,139.77984137997012,-1.6323511793578456
4.003434181213379,164.07210656018816,2087.1657577112924,139.82694260306454,-1.632302793911846
4.003439664840698,162.73443585236163,2069.7313982888354,139.84880315920927,-1.6329748828859028
4.013157606124878,161.46046616018134,2052.6501560910206,139.99730623881538,-1.6334175202621355
4.043104887008667,159.98209057605007,2035.6035780802158,140.10566158425618,-1.6335577877907217
4.0431177616119385,158.6701712842706,2018.2403654312693,140.13402456528323,-1.6334916064533582
4.043126821517944,157.37773401334002,2000.6951779309588,140.2510016980538,-1.6335860011462195
4.054877996444702,156.00020818059835,1983.114133296016,140.3432573800997,-1.6337107905619448
4.062629222869873,154.64060369195414,1965.4901526523986,140.34223935218998,-1.6335458654556654
4.070736408233643,153.31616569203482,1948.0141414160971,140.252943282706,-1.633625990341102
4.096027374267578,151.88123431529544,1930.8110506548223,140.2736197541144,-1.633285963703037
4.096092462539673,150.25518206028266,1913.5591006551335,140.41254829248822,-1.6333138813464654
4.099264144897461,148.48251853521268,1896.5425149904559,139.82717169351025,-1.6308737276496956
4.111530065536499,147.11252928204124,1878.92140852347,139.98658615157606,-1.6313417927806748
4.1243813037872314,145.69311820479493,1861.4571242891345,140.20278943482532,-1.6310474689703045
4.141101837158203,144.1712482507496,1844.2157485251603,140.60628739274387,-1.6301712294156578
4.159737586975098,142.6270250652066,1826.909315711214,140.8467644323882,-1.6296118619263995
4.1597580909729,140.8919622690825,1809.5551282292054,140.24279536271578,-1.6307390857020927
4.159761905670166,139.27435068534936,1791.9878619607118,140.2456148304497,-1.6300401171581855
4.16949200630188,137.81829268702216,1774.7063651692783,140.54674063626095,-1.6299507203688708
4.18126106262207,136.43593304668445,1757.0611902840967,140.2672661108401,-1.6300106351847852
4.198851585388184,135.12251342379506,1739.9498869342133,140.36310020008276,-1.6296600005634547
4.202080488204956,133.6017257904862,1722.8566664424668,140.49944367195482,-1.6295830536083573
4.20878005027771,132.24341130571278,1705.457545125333,140.58874222995482,-1.6291463651897844
4.220568418502808,130.9457909831594,1687.8549902785428,140.73470563367505,-1.6293188315468374
4.236842632293701,129.49295692482613,1670.2498152416522,140.88509179766243,-1.6294654719394268
4.2401282787323,128.0890757577113,1652.6860435179176,140.89482363066443,-1.6297864772583308
4.253024101257324,126.86776693664497,1635.2839556566346,140.98606940222598,-1.6303257085391223
4.261434316635132,125.52780758807903,1618.114263912107,141.1787158469162,-1.6303737946146306
4.280145883560181,124.06496120683907,1600.7947290970221,141.3901938028654,-1.6305069187140355
4.282216548919678,122.7492751818019,1583.2611883993827,141.69119995200148,-1.6304682816727403
4.308365345001221,121.48437515223807,1565.6433962523863,141.88639329011724,-1.6309023362470678
4.308407783508301,120.21841824425215,1548.1876412804388,142.127512498631,-1.6306413370046349
4.311541557312012,118.83472294719384,1530.9371917077929,142.4805181049954,-1.629956658764994
4.32141637802124,117.48602713176251,1513.619050559215,142.672405884468,-1.6296106940133457
4.3307507038116455,116.09288090649528,1496.07861580436,142.8170885125526,-1.629653532989819
4.362508535385132,114.70497612989531,1478.448804909107,142.87662445244345,-1.6293922148084408
4.740693807601929,113.39502470644209,1460.8672579413096,142.74837623140488,-1.6288576765514402
4.740713357925415,112.1247752839331,1443.3650163673933,143.01076730147668,-1.6301872538077902
4.74071741104126,110.9164041539669,1426.2365653660984,142.98684731656792,-1.6295095101849986
4.740728855133057,109.31001585484111,1409.043596178282,143.47139758179728,-1.6305117871058
4.740732192993164,107.98282428884974,1391.7127723923475,143.9090582768272,-1.631851487077976
4.74073600769043,106.78195278504647,1374.2519401744125,144.2699424487564,-1.6312282639183524
4.750770568847656,105.73846211866905,1356.792013247983,144.64700085584525,-1.632752501544422
4.7508063316345215,104.37524229781594,1339.0540573719966,144.641951638945,-1.6316077585385573
4.750812530517578,102.9213647824086,1321.412852069567,144.48905398554507,-1.6323630095394168
4.750854253768921,101.45849280210778,1304.2229252123614,144.20903820140046,-1.6311747205652454
4.7508862018585205,100.01301691221242,1287.0587890683692,144.42487213920063,-1.6313936476165511
4.750891923904419,98.7769434197005,1269.6366006456758,144.61945487086797,-1.6312237323822745
4.750896453857422,97.3642905421932,1251.9644223673843,144.85097766590877,-1.6312745955907357
4.750900983810425,96.02745824147446,1234.2817305269925,144.93673486566883,-1.6297726621146236
4.750918626785278,94.51078666307373,1216.6422367138855,145.4396060430671,-1.6293867420837727
4.7509238719940186,93.02929370131689,1199.1602575832612,145.52434397082922,-1.6285453682528621
4.750928640365601,91.49590048089341,1181.7108059856691,145.27038037689073,-1.6265092922629654
4.750936031341553,89.73954441113383,1164.1371944268863,145.08283304472732,-1.6254252211576699
4.750944375991821,87.96585116854037,1146.387709155627,145.01684327712655,-1.6254170954690124
4.750987529754639,86.35057680981934,1128.800400217808,145.35658187030026,-1.6253290063309411
4.751876592636108,85.16720391575728,1111.3499525177547,145.4710822508087,-1.6248227914555489
4.753162622451782,83.72741861968441,1094.0694918917206,146.01648198564484,-1.6244619404573835
4.7531726360321045,82.19740922956716,1076.9432123717345,145.96190449380094,-1.624301128908798
4.753177881240845,80.7798620670526,1059.480886371707,145.92075248696702,-1.624649920665241
4.753191709518433,79.16420919539347,1041.7484102736285,145.37617763785892,-1.6264236699332237
4.7532079219818115,78.32848400136788,1023.7833463694534,145.47120561319082,-1.6244111357311122
4.753216505050659,77.14849259103131,1006.0185103950756,145.69197973743883,-1.6261181174810846
4.7532243728637695,75.92775786292725,988.7909221955927,145.600227599333,-1.6262289442270577
4.753235816955566,74.65790820277718,971.6478941313019,145.43634081663987,-1.6250790495558562
4.753251075744629,73.38237623215545,954.0907028380271,145.72922077237024,-1.6265589218424217
4.753275394439697,72.13185304998976,936.31072312161,145.62687893195405,-1.6290889029066418
4.753316402435303,71.21115435057084,918.8244556893444,145.75012515527382,-1.627357419504659
4.753325939178467,70.04387353182499,901.4688404675499,145.98156539507957,-1.627039600317931
4.753345012664795,68.72216761232843,883.9211795006249,146.16636334482297,-1.6271379476781542
4.753391981124878,67.3535505186675,866.1445778505033,146.3326919956246,-1.6268443514887658
4.753399610519409,66.0048553843557,848.3790255071547,145.72430693281527,-1.6290514978976713
4.753407716751099,64.99196668249465,831.1095751002898,146.2352528887722,-1.6288639553751176
4.753415822982788,63.988216195292566,813.4782256052965,146.28644322803407,-1.6288431380761976
4.753430366516113,62.62445165831252,796.1631908874049,146.42050564280774,-1.630895249939316
4.753462076187134,61.396503160936206,778.5286148445598,146.62839526192388,-1.6290080663432507
4.753481864929199,60.10391087793581,761.1165646879165,146.6161086725359,-1.631612890698104
4.827837705612183,58.82070898358758,743.3786604807641,146.75877186611154,-1.632443581316099
4.827871561050415,57.52646689930967,725.0396379058149,146.5661942455046,-1.6333002854384375
4.827875137329102,56.21978273839473,707.972641584878,146.88260270908685,-1.6337033501457943
4.827883243560791,55.00978754886243,690.5234735840485,146.7967525983152,-1.63356103512887
4.82789945602417,53.49221604439922,673.1794179083938,147.00944787503943,-1.6339381098266144
4.8279030323028564,52.002231752730424,655.6765876079867,147.0415878291941,-1.6344691155439428
4.827906608581543,50.713613044822516,638.1186730764389,147.07335452319134,-1.6338953461389418
4.835073471069336,49.456318109924176,620.3115919601368,147.35023360717986,-1.6352430162568072
4.8465189933776855,48.0726615520034,602.805359983352,147.44821339310397,-1.6352541240999443
4.853076934814453,46.33479428798251,585.3855292114257,147.39662058685295,-1.638100905270668
4.861557960510254,45.087980013142264,567.8654535871827,147.7754061190108,-1.6349380956430961
4.871363401412964,43.544496644860615,550.1523468038353,147.86179229708242,-1.6343114920113058
4.881206512451172,41.990312457762336,532.4642788189466,147.77213737870875,-1.634959459174886
4.89979100227356,40.64310222818173,514.8028303127535,147.6446128147535,-1.635881916482296
4.89982533454895,39.31306517145165,497.251149263127,147.88822995791244,-1.6361200545343677
4.92751669883728,37.84302671449866,480.0400642967856,147.995383492446,-1.6364617530962127
4.927539348602295,36.279867431613006,462.6958637815366,148.0589556460846,-1.6360164118885052
4.934749364852905,34.94694900168351,445.1291155932298,148.25766064072076,-1.6379599290661153
4.944562911987305,33.592730359302706,427.3649978216931,148.36198400034624,-1.638270658312499
4.9531090259552,32.02045696043682,409.66446860227677,148.21884946966014,-1.6384023012956024
4.963110446929932,30.728886156509677,391.8912227914825,148.30627932960442,-1.6392949226702165
4.969656944274902,29.426429209202666,374.5503084010912,148.2402586336085,-1.640048983980679
4.978175163269043,27.825824488466292,357.2666885834104,148.2008307073335,-1.6399140485481143
4.99129843711853,26.180204767125673,339.7090828139336,148.3159691348467,-1.640867007192096
5.000999927520752,24.714380725959302,321.9593432453183,148.49759807336517,-1.6413083975488796
5.010701656341553,23.368376843043546,304.11172384925675,148.6163463919876,-1.64105802772774
5.022911787033081,20.011834672581095,291.17156531406613,153.5203115172576,-1.638080265145481
5.034187078475952,18.72064813619277,273.3217924691814,153.67340388262795,-1.6392603535252914
5.03760552406311,16.63913062647179,256.2887816622048,154.05073545010896,-1.6330578313909825
5.052533864974976,15.48246613468141,238.20865871429643,153.67277084354444,-1.6388464663838307
5.0777809619903564,13.983734816296062,220.48814935614274,153.6469585984817,-1.638635597438318
5.077810287475586,12.544536784572266,202.80322728458037,153.61757393490822,-1.6405580176279226
5.081028699874878,11.159766415186887,185.38694866900423,153.66348777433112,-1.641280425461404
5.0876054763793945,9.549085669795845,168.25205115627833,153.88493420624764,-1.6417263345092497
5.103206634521484,7.702561040599962,151.23013682161087,154.09418418957156,-1.6384033187427205
5.119704723358154,6.374664081479076,133.3419171528197,154.195638790184,-1.6449117766879802
5.122982501983643,4.861507133000011,115.5142311235144,154.43702143063433,-1.643235183668917
5.129468679428101,3.238924703939283,97.89202308135326,154.67727002015496,-1.6422841590415245
5.144651889801025,1.5184622702210762,80.64208344274823,154.57421534486974,-1.6414292688385392
5.151479959487915,0.1278623149674863,62.893497653485746,154.57777867236945,-1.6478176653671925
5.16321063041687,-1.7528784421505026,45.74355083242478,154.71920015154785,-1.647278779239145
5.169754266738892,-2.8180008345075507,28.05406440882933,154.95368275852798,-1.6450334398671398
5.180046796798706,-4.586347142319002,10.573563776562459,155.10639159958046,-1.64666843733065
5.189838171005249,-5.998546504987612,-6.930608505272484,155.49994381894402,-1.6470946888610236
5.202906131744385,-7.844898490487895,-23.887329639979104,156.1514183075973,-1.6441221546587972
5.222625494003296,-8.982922047073238,-40.836062368284374,157.27749513773242,-1.643552196404887
5.222654342651367,-10.76211975271086,-58.1631102963569,157.3573859105044,-1.64396264476763
5.231208562850952,-12.567015128260724,-75.7455596474257,157.48298318688174,-1.6428397933162093
5.242315292358398,-14.351546895435384,-93.11559790269503,157.3079856226554,-1.6430802199800962
5.252228021621704,-16.069246460479558,-110.59661360000601,157.19368832655624,-1.6439570752777692
5.264463663101196,-17.589884431866267,-127.844871930031,157.28284358033588,-1.643886227552463
5.267715930938721,-19.15709276552298,-144.62359954256053,157.83028392696235,-1.6436252910192826
5.278861999511719,-21.105177523370504,-161.9375837760998,158.16014448188417,-1.643735975127222
5.2912609577178955,-22.869476941465198,-179.57259424674177,158.69073522699898,-1.6464917319372407
5.301922798156738,-24.663630651662277,-197.0127746089881,158.60378355925246,-1.6417087410981626
5.323195219039917,-26.559595469278534,-214.6307508425103,158.5522139545164,-1.6409149148487097
5.323228359222412,-27.9309886509322,-232.14840917253085,158.32634139999865,-1.6425925479815977
5.331665754318237,-29.927278101510876,-249.48734079283668,158.41499417066453,-1.6418142498453556
5.3401384353637695,-32.368376505668955,-266.85435071422035,158.8335946191922,-1.6397870269588835
5.3571999073028564,-33.76328116111801,-284.4989112986833,159.72455273524332,-1.640475163326115
5.363601922988892,-35.27714262388053,-302.1007862319526,160.4297992582077,-1.6405730652047084
5.383570671081543,-37.07916648202613,-319.2345447288467,160.82957281292286,-1.6411107059247538
5.383599758148193,-38.38104476690835,-336.5342919544334,160.88655405258606,-1.6379377269322652
5.393945217132568,-40.790186724769356,-353.54103094470724,160.37457510837157,-1.637063415960565
5.402402877807617,-42.5165657961195,-371.31492676473937,160.28003024867175,-1.636419789770539
5.410850286483765,-44.12885038135475,-389.05189818592237,160.39686437127537,-1.6403036148398862
5.419756650924683,-45.54380540333938,-406.98626623249396,160.8830126672252,-1.639932798212664
5.4310595989227295,-46.58516411188947,-424.35617339115,161.2106433826419,-1.6397576392817577
5.439833641052246,-48.38212874761283,-440.9490913709446,161.13504149419776,-1.6422776398797472
5.45491361618042,-49.661225474680165,-457.8719384379658,161.13707506428048,-1.6400104158931508
5.461390733718872,-51.175055891087695,-475.34957606238873,161.02167335101635,-1.6366229826259455
5.471217155456543,-53.159228285342586,-492.31544950553985,160.82031113280703,-1.631128531773097
5.482759237289429,-54.92697040358711,-509.90937573759646,160.8116794659599,-1.6332090942036601
5.489682197570801,-55.987241472880136,-528.2676313500374,161.07069581140343,-1.637219080107038
5.5087058544158936,-57.55824456176927,-545.3787169112235,161.0054731222526,-1.637331359046208
5.511936187744141,-59.28146275489234,-562.5096817021613,160.89206101379003,-1.6421418244366772
5.520766258239746,-60.9640072563484,-579.6372332643228,161.06205096622202,-1.6410506567189955
5.533992290496826,-62.29012090153147,-597.0595572368762,161.20193856930334,-1.6387366018840075
5.5447728633880615,-63.77677092094593,-614.3524614291205,161.2044525198971,-1.6472730890682041
5.561115741729736,-66.51221825969444,-631.3110499328186,160.8732090695384,-1.6359173214106038
5.5643768310546875,-68.16640807120133,-648.7104585481129,161.2289411791126,-1.634763645128898
5.585116863250732,-68.32778020863654,-666.6929575474783,162.0702926812918,-1.6427416494492317
5.585184097290039,-71.40434417892416,-683.2659314570811,161.42332632359322,-1.6356080475441765
5.6028172969818115,-72.83998090387419,-700.8638886165119,161.657106974705,-1.6338844488570732
5.609321594238281,-74.23167798067456,-718.5189061460834,161.5536524024207,-1.6330266045666155
5.609346628189087,-75.63526266487803,-736.4171133861516,161.42218137843352,-1.6360804037057433
5.6314003467559814,-76.93389345993926,-753.7771507279376,161.02527013648353,-1.6339370387196
5.638641357421875,-77.52857302197225,-771.4255107733943,162.0999076011727,-1.6420755705047607
5.638695955276489,-78.45435423369749,-788.9048422904028,162.03084684621962,-1.6376702607381548
5.64858078956604,-79.76097600250819,-806.4662268537428,162.37571551489103,-1.6387908272669327
5.6617913246154785,-81.9093277172387,-824.1844418229587,162.2273482160831,-1.6435052882321122
5.67159628868103,-83.42964244753323,-841.9844134930955,162.01755970327724,-1.6438317809034317
5.681356906890869,-84.81273384494821,-859.6123105924826,161.84123535737922,-1.6449935062221805
5.6884400844573975,-86.43799758717903,-876.9155635813407,162.03844888954518,-1.6464242341633755
5.69819188117981,-87.95050124882523,-893.8207530124613,161.93489709695285,-1.6466974547962618
5.710031032562256,-89.63573178202952,-911.0673995728821,162.21081691044853,-1.643122856575923
5.71894097328186,-90.95573852860804,-928.7303167518817,162.492652114837,-1.6457076068822802
5.732185363769531,-92.55322433047475,-945.9759273673577,162.15991018155577,-1.6464641157605358
5.741734504699707,-94.3443721824449,-963.0504772965074,162.2704697068819,-1.644504097201317
5.750317335128784,-96.0546297243564,-979.5234581329166,161.83175832052086,-1.646197766453015
5.756814956665039,-97.24153715656762,-995.959116971788,162.26056526262613,-1.6438906874973493
5.769955396652222,-99.06090192545172,-1012.4191027579498,161.24199574982885,-1.645909589798353
5.779601335525513,-100.18055852954309,-1029.1006500700275,161.83075660997815,-1.6440100214299962
5.7912375926971436,-101.75709579802795,-1045.4632983283216,161.5707703539849,-1.6441038946828643
5.800886631011963,-103.11144990625992,-1061.4553121007577,161.2636648827441,-1.6460550354631158
5.809145927429199,-104.16087209015585,-1077.3132100154828,161.82074162030787,-1.6456241943307803
5.817601919174194,-105.99277325950001,-1092.6516511510936,161.7147124497592,-1.647613605126587
5.832148790359497,-107.12063383728699,-1108.3876212243556,161.87718007355954,-1.647765893813192
5.838772296905518,-108.36813313880856,-1124.1633184021305,162.28884270566394,-1.6466438386785933
5.860948324203491,-109.82127150430556,-1139.8007093610663,162.07427572033643,-1.6472915913741826
5.860973834991455,-110.84953047076436,-1155.3418474238174,161.97434485771694,-1.6469208653693928
5.882252931594849,-111.89958658633326,-1170.4401097926868,161.81109646245767,-1.6473353939614062
5.882278203964233,-113.21375083822828,-1185.297851069428,161.75016378705348,-1.6477384579508512
5.909255027770996,-114.65083123025082,-1200.002305842923,162.0361706429423,-1.6466718041047643
5.90928840637207,-116.26473237692778,-1214.699727490753,162.15320645848618,-1.6478466545884451
5.9124414920806885,-117.40276618655362,-1229.4649226580207,162.29939806776216,-1.6474304750182909
5.929044961929321,-119.25412572728283,-1243.6757719373534,161.83597420519058,-1.6403196766191135
5.937574625015259,-120.50058587695122,-1258.0089189474975,161.95855235352516,-1.6393351871658712
5.940820932388306,-121.90025446175423,-1272.1725467146166,162.1598071501645,-1.6382864398332648
5.951568603515625,-123.25875949460156,-1286.259228404593,162.56787522837166,-1.6376288321527264
5.9583752155303955,-124.66128298683269,-1300.376162448137,162.71463242624543,-1.6379096414042373
5.984452247619629,-125.947458770014,-1314.3442905059821,162.89124427096417,-1.6376996934085075
5.984497308731079,-127.27755475909612,-1328.1821824443432,163.11043947552366,-1.6368650937788183
5.996262073516846,-128.2882249882784,-1341.6785314154893,163.19929762224243,-1.638137045783192
6.00278639793396,-129.24520718826557,-1354.9480865828218,162.83949670559682,-1.6374359464527726
6.012545347213745,-130.38397277721666,-1368.1803362848327,163.34810467823468,-1.6376430859879751
6.025296211242676,-131.77283459861994,-1381.3681187275101,163.18905710133748,-1.6379255440121525
6.0388195514678955,-133.10312995965532,-1394.595056655211,163.54792598425362,-1.6352125793447307
6.046131610870361,-134.39385559694486,-1407.6907931517976,163.60171108026412,-1.6367775177489798
6.064330339431763,-134.90048329816892,-1420.3653010631972,163.95396705226057,-1.6397829886805286
6.064359664916992,-136.3354337470754,-1433.2293157498884,163.86723012085096,-1.6380966484252635
6.072861671447754,-137.71011428349416,-1445.8716836376789,163.80552919838004,-1.637745427795416
6.084477424621582,-138.9007892163591,-1458.3897798105024,163.801434473839,-1.6382369149452167
6.09437894821167,-139.01717345495075,-1470.9413624873387,164.29455158138327,-1.6426222072555023
6.102956533432007,-139.50532768587377,-1483.3299812532878,164.7824652241274,-1.645657610422894
6.1202170848846436,-141.8825428508883,-1494.9552442446634,163.85742288351048,-1.638821979809641
6.12348747253418,-142.31816219571093,-1506.4998177617983,164.48582605362196,-1.6380772082119743
6.146903991699219,-142.81321583495273,-1518.8598033464132,165.55797117371344,-1.6478166228674522
6.146946668624878,-140.26290139798965,-1529.3789907245991,168.7761943522597,-1.655955326200579
6.155404090881348,-146.29598422117743,-1541.9331556662216,163.87241137723296,-1.6385569974173342
6.165050268173218,-143.41721375524244,-1552.6788433420256,167.0236535834289,-1.6535447459327524
6.1748597621917725,-143.7746895581133,-1563.8069368533802,167.7606848312826,-1.6525412494406322
6.186147928237915,-144.36428926720154,-1574.753997805242,168.4271492141644,-1.6444628223268225
6.198170900344849,-146.13799970070127,-1585.9404597114776,167.83730993888182,-1.6452003768740981
6.201401710510254,-147.42524129212035,-1597.0214416604513,167.74060195412972,-1.6431900155810548
6.213006973266602,-148.50131460731833,-1607.8803551980407,167.84572021743463,-1.647157935884748
6.2462239265441895,-147.76494359644772,-1618.036780780488,169.73161979939493,-1.6467305158523489
6.246253490447998,-155.0617909389301,-1629.7868762692465,163.3087241485296,-1.6477143121705622
6.249468564987183,-156.28316095859898,-1640.0975927081624,163.08617861992036,-1.6494508350950445
6.249488592147827,-157.12689098153837,-1650.3729071034502,162.98627268193454,-1.6490154419939462
6.261265277862549,-157.30130710657284,-1660.4853534465792,164.08761726334475,-1.644243280784941
6.275604724884033,-150.03249970189685,-1668.3646783970535,171.89154422601067,-1.648267124031733
6.299536228179932,-150.8586679424377,-1678.0620614635916,171.876394219971,-1.6486335301116353
6.299566984176636,-151.5770939877556,-1687.6288436429675,171.87940067125072,-1.648011532283739
6.302859544754028,-152.54919267586936,-1697.0751275914006,171.7067875823633,-1.648130523200555
6.320236682891846,-153.24650261948977,-1706.3730590460345,172.14025969778268,-1.6485380100044535
6.327122688293457,-154.21812833917323,-1715.675552491483,172.254016214824,-1.6488106389989161
6.3528735637664795,-160.20984875540725,-1726.3158955466158,166.80093822727238,-1.658837322007688
6.352909564971924,-160.55026108328886,-1735.2601231467822,167.49298173659207,-1.6581881168346368
6.352947950363159,-159.6827548937385,-1743.5630490749054,169.2774502018538,-1.6427310790714091
6.376192092895508,-161.2420564012578,-1752.558836445288,168.26624594070844,-1.651184372707817
6.376219749450684,-161.71437572225898,-1761.1655158390224,168.4660283921071,-1.6430650593324423
6.379586696624756,-161.49983693438813,-1769.0887471957058,169.7828372492765,-1.6433821244177957
6.3987877368927,-162.94945252324564,-1777.761480722659,168.82864927434932,-1.6432353029795388
6.402362823486328,-164.90612423352943,-1786.3066362656155,167.78633479873645,-1.6491798708580128
6.415376901626587,-166.42253690208685,-1794.5159240492455,166.72208274159104,-1.6530856752411014
6.423027038574219,-166.91563789224892,-1802.257405154251,167.23425413485285,-1.6494004173527674
6.431498050689697,-166.13988578610147,-1809.636609962034,168.89277716818327,-1.645310081531525
6.446309328079224,-170.51710653312855,-1818.1934742990823,165.25987449935937,-1.6537946064608617
6.456144571304321,-168.57726527338738,-1824.7919864204052,168.08487832960398,-1.6519583249667882
6.459340333938599,-173.34542664020043,-1833.1517529008192,163.71001458602677,-1.6470391568724676
6.468949317932129,-173.9296698835058,-1840.3422684656803,164.04684452082427,-1.64695028550967
6.481631517410278,-174.65678834669797,-1847.306368229999,163.85701524784332,-1.6466952652644278
6.501720666885376,-174.93914977832296,-1853.8849072629046,164.06089516037102,-1.6478419672255222
6.501783847808838,-166.861649367427,-1857.9455980389298,173.11892711782576,-1.6474966225431837
6.511770248413086,-167.45209163471273,-1864.5078214708115,173.2062165801859,-1.6486798484358274
6.518298149108887,-168.14366617369384,-1870.8149792889321,173.14982468680623,-1.6454882117956322
6.530062198638916,-168.74077853932582,-1876.96145949638,173.53560702403541,-1.6484053234885818
6.53863000869751,-168.90753699421512,-1882.9182886387653,173.92870549585797,-1.646181654191329
6.553488492965698,-169.9369899424571,-1888.8456729177522,173.80936977399415,-1.6423263949356357
6.579020977020264,-171.00434645340783,-1894.5391875766807,173.2042937790869,-1.6512485778293717
6.5790510177612305,-172.28381975071312,-1900.4441132304053,172.25830415965711,-1.650279713162666
6.579057216644287,-171.55125348387517,-1905.597213226798,173.46414781433353,-1.6471634472797931
6.603748321533203,-172.7220776826927,-1911.3624228191281,172.85515863725232,-1.6507128063390328
6.610191822052002,-174.3132622849384,-1917.0333182834875,171.66466271784506,-1.6453828656792386
6.622113227844238,-172.19368869506042,-1921.5607279093774,174.26581461429126,-1.645401202842235
6.622148275375366,-173.40370653856172,-1926.7056010577107,173.61306855294384,-1.6460839930969342
6.6372761726379395,-173.3301638713536,-1931.5641665597723,174.25075593678844,-1.6474420826854632
6.637360334396362,-174.3585009023655,-1936.708998928332,173.54866479985864,-1.645678365068213
6.65358829498291,-174.18810967564445,-1941.4250441695272,174.46288347415407,-1.644416873285178
6.660436153411865,-177.33536069236885,-1947.083015994853,171.53762015428794,-1.650236350437243
6.668989896774292,-174.6279224247479,-1950.6894946232333,175.14591480228376,-1.6480373773368056
6.67870020866394,-176.83101603734474,-1956.1395538576346,172.7853418834143,-1.6447099744416074
6.690256595611572,-175.3361159260367,-1960.0299359702524,174.80554311091856,-1.6443246220424579
6.700076103210449,-177.624260192556,-1965.1380138376526,172.515059940894,-1.645563359407394
6.71232795715332,-175.849980700282,-1968.6852840278073,174.9763895010311,-1.6469982213108885
6.723137855529785,-177.6244957791969,-1973.6048981234592,173.37614125135445,-1.6462977643804735
6.730713605880737,-176.8816609715448,-1977.5699842162846,174.79074251307017,-1.6444666434887925
6.740493297576904,-178.07599031497122,-1982.0056439486111,173.88966135072323,-1.6444003600091857
6.757258176803589,-177.4336070252566,-1985.5181485594765,175.2529119234869,-1.648577420883318
6.771941900253296,-188.32127521278957,-1993.315253730799,163.85292399460343,-1.647478746297644
6.772001266479492,-189.11199320915478,-1997.4350369232202,163.0364380189117,-1.6484126306483535
6.780022859573364,-178.5899907538182,-1997.5493633776487,174.90094026877114,-1.646764994157927
6.788536310195923,-181.74986936233392,-2002.0561125033946,172.1072668190959,-1.6522672229393107
6.800220012664795,-180.3950234708473,-2005.1530708172443,173.85183393722494,-1.6478019066130143
6.8117897510528564,-190.21829242394003,-2012.1754268726988,163.81017162004207,-1.6487670230888805
6.8197290897369385,-190.0861015286942,-2015.6206180486781,164.36935644227103,-1.6466305519445914
6.830376148223877,-190.72550836513372,-2019.2737732308678,163.99336174787462,-1.6475946984451753
6.891857385635376,-191.6476718198341,-2022.922821150848,163.08998794805166,-1.6490715331948018
6.891885280609131,-191.82206225924838,-2026.2262780300953,163.13009931883286,-1.6487601557785319
6.891916513442993,-191.42548627240973,-2029.2667983009287,164.08081711100857,-1.649392466010599
6.900691986083984,-192.0234448381195,-2032.6462446617186,163.79233414100676,-1.648490421823707
6.907222747802734,-192.35903335832094,-2035.8092086154443,163.89290744742215,-1.6489365301007621
6.907245635986328,-192.5842970688729,-2038.8114905248715,163.87362098437742,-1.6488438891917139
6.91366720199585,-192.27242913808337,-2041.581161554044,164.54959603042477,-1.6495280057973625
6.913697719573975,-193.15887519435395,-2044.6702395556051,163.9105965442185,-1.649063181900797
6.92385721206665,-193.26237100806944,-2047.411769783471,164.0748805939066,-1.6487661530530295
6.931068181991577,-193.98008729283464,-2050.3131607516243,163.5854059836163,-1.6494757619405451
6.939533710479736,-194.28722770706892,-2053.1828402686947,163.39019181271897,-1.64810570972943
6.949571847915649,-194.12245940104407,-2055.8016999727556,163.88225303876507,-1.6471511584549532
6.9632463455200195,-194.38080428583729,-2058.3545680295892,163.64135118434314,-1.6490903053059742
6.973416090011597,-193.9515163662151,-2060.594984782709,164.67878125948374,-1.6485122233992449
6.9766504764556885,-194.7826349396457,-2063.3611555865787,164.10944777698288,-1.6495666381934475
6.992874383926392,-195.17175004903422,-2065.8788977495324,164.02968465212507,-1.6484441258019533
7.001724004745483,-195.59800672813662,-2068.1780164213446,163.91508620244394,-1.6493997468012074
7.014542102813721,-196.0658369382503,-2070.5775237127746,163.5510324583033,-1.6492619819225776
7.017592906951904,-195.84282696640622,-2072.6977054558215,163.79864408834842,-1.6494652175875784
7.029334545135498,-187.90939720676707,-2071.6506165422593,172.7279837289064,-1.6533380490219014
7.04111123085022,-188.553225648795,-2073.9590936699124,172.21207309932169,-1.6524977744070732
7.049655914306641,-187.69138799553733,-2075.4688590000956,173.374180616473,-1.6535816702626687
7.069984197616577,-186.50268218725887,-2076.95427737882,174.81047817990384,-1.6494279430044911
7.07001519203186,-185.76444280569666,-2078.374998721715,175.74060184950017,-1.6505547414667137
7.080582141876221,-197.21190537700218,-2084.7764087541673,163.3251384574724,-1.648737035887048
7.09371018409729,-197.29470222250072,-2086.4417239271465,163.3990082517462,-1.6499285064210962
7.271133184432983,-191.08270768242852,-2085.727489755072,170.39180630763195,-1.654651983669803
7.271180629730225,-190.0968202416292,-2086.898251074112,171.56024734704798,-1.6548402070687804
7.271184921264648,-190.57453165916883,-2088.6635397915015,171.15303253907626,-1.6537784004562632
7.272017955780029,-190.54411872653452,-2089.9079912140264,171.48452101209125,-1.6549479065912691
7.274389028549194,-185.02368659023122,-2089.0184452791923,177.62486495818442,-1.6524756732432762
7.274478435516357,-196.70929810259307,-2095.0244792004514,165.03413248215065,-1.6495363046150984
7.274489641189575,-198.03139991947697,-2096.732683647413,163.71788303404583,-1.6480085409391165
7.2745184898376465,-197.4329291934776,-2097.511949838133,164.36312605751402,-1.6496930474092846
7.274538278579712,-198.89975544538268,-2099.3106815087076,162.85088118398457,-1.6468315544770895
7.274547576904297,-199.2107905063025,-2100.383758250641,162.63661476936727,-1.6486065582548326
7.2745561599731445,-202.9527322926953,-2102.939680650303,158.29716453182172,-1.646290936182647
7.274564981460571,-198.66341562421368,-2102.033378303308,163.30563018038862,-1.6481789171676016
7.274573802947998,-199.53708957105943,-2103.2781376147273,163.27568023863196,-1.6454811637044482
7.274582624435425,-200.56023236129462,-2104.2014882014682,161.28325280257874,-1.6496886015941243
7.274599552154541,-197.83697796854574,-2103.786511205962,164.7180478799793,-1.6499737652529416
7.274635076522827,-197.74813350711995,-2104.4305960721467,164.81184540056014,-1.6494592462473445
7.2746522426605225,-199.9430250020183,-2105.9018837133103,162.47807921787745,-1.6483650008445774
7.274662494659424,-197.24464158527732,-2105.286985793979,165.47515070114977,-1.6492239234974326
7.280901908874512,-199.0665334909568,-2106.3596056262304,163.56396775009,-1.6495734825390527
7.290771245956421,-199.56619331969983,-2106.7571829485487,163.3547835513037,-1.648799527559578
7.29922080039978,-199.23102851249902,-2106.75991529694,163.53658191053077,-1.649218100820459
7.315863609313965,-199.30369592382868,-2106.90342349537,163.44808447221126,-1.6489715556195699
7.319121599197388,-199.37677050072045,-2107.025279224142,163.40062565374043,-1.6487665463852987
7.330405950546265,-198.60872146065404,-2106.7812385702596,164.2900435409703,-1.6488483701515382
7.350798845291138,-198.43235183079673,-2106.7697919428524,164.33584915602307,-1.6488346161989351
7.380487680435181,-199.57006181770905,-2107.1822326607426,163.07886019912422,-1.6484768337645557
7.3980255126953125,-197.84941521856754,-2106.43015566499,164.94044238467225,-1.6496449769666301
7.398046970367432,-197.97542680369543,-2106.3704720601204,164.81913862136645,-1.6494136641771096
7.398051023483276,-199.28943372079365,-2106.7972242520527,163.28294586337765,-1.649171699499225
7.398055553436279,-199.33113384110368,-2106.6459678838837,163.2897545225863,-1.6490165461449329
7.405585527420044,-199.1645753072093,-2106.387628157802,163.33838362376153,-1.6489189828327493
7.420773506164551,-198.5513350617159,-2105.9559148453814,164.20893753182972,-1.6488928296951966
7.420821905136108,-198.61334377685512,-2105.782721012341,164.06275908179163,-1.6492489440916545
7.432504177093506,-199.0029701663588,-2105.795208189379,163.36994043542634,-1.6486036939138593
7.441354990005493,-198.95372629974213,-2105.5552576958526,163.45530702305294,-1.6486335341349747
7.451313734054565,-198.55932563125435,-2105.1725723433824,163.95587391956403,-1.649366075830925
7.4594035148620605,-210.0469672889151,-2109.604577813912,150.6508465561115,-1.646107856578865
7.4841132164001465,-209.96551775042025,-2109.385718736441,150.68042022670735,-1.6459253531705866
7.48418402671814,-209.9869371740841,-2109.214730211304,150.59857807754145,-1.6463354607385012
7.487386226654053,-209.90647842790463,-2109.0632042768502,150.68813018420644,-1.6459166317149463
7.505105495452881,-209.91373131887906,-2108.901802397713,150.6881284085784,-1.646189869353359
7.508295059204102,-209.85590538485235,-2108.6902412231143,150.74795560703535,-1.6459548114941438
7.519561767578125,-209.89540776522284,-2108.4870485204115,150.80470477731112,-1.6465277998661445
7.528144121170044,-209.90138200965583,-2108.271929888511,150.78686063450004,-1.6466663780031277
7.536684274673462,-209.85551616488794,-2108.0672432505894,150.83781151771217,-1.6464849150118244
7.553291320800781,-209.71345605815645,-2107.868483169844,150.92275186980496,-1.6456355019425226
7.559783935546875,-209.7844238829315,-2107.705486548976,150.8860475217147,-1.646288253432914
7.5843281745910645,-209.74871508098997,-2107.550128726676,150.90465821439136,-1.6461048300221228
7.584357738494873,-209.63004873937368,-2107.3819594851398,150.9302237970905,-1.6450530401997514
7.587610483169556,-209.53429019332,-2107.243078542556,151.0223056256845,-1.6443968198653902
7.610061883926392,-209.8430795767418,-2107.105768386265,150.5505554526369,-1.6466079853467035
7.610093116760254,-209.63525173931012,-2107.049930550753,150.61300061300207,-1.6450991633360126
7.619851112365723,-209.74876268378995,-2106.96925884347,150.5794264132898,-1.6462576576182106
7.6295435428619385,-209.6918130074651,-2106.878054378364,150.61368531742718,-1.6459565739841562
7.636059999465942,-209.72263747374205,-2106.781908259772,150.59063093740377,-1.646505079551694
7.6515302658081055,-209.66669609715132,-2106.7211707978936,150.78047830172838,-1.6461411714400576
7.6621317863464355,-209.43961904337166,-2106.605175488,151.0838521318738,-1.64414604905757
7.671464681625366,-209.64671669108375,-2106.5649278895166,150.86031039760684,-1.6457254441614622
7.684489727020264,-209.5671775520757,-2106.447760947806,151.4294084924858,-1.645554226583998
7.687766790390015,-209.6520417061388,-2106.511291946941,150.80632373185665,-1.6458656192530947
7.700240612030029,-209.50590262942563,-2106.4124580670778,151.354859035137,-1.6450911002411646
7.710475921630859,-209.5476114961532,-2106.423566930947,151.24795590108968,-1.645288738356868
7.718793153762817,-209.43467394724402,-2106.449150920158,151.02681674724394,-1.6438517746967263
7.7303831577301025,-209.3455295150465,-2106.4603033664175,151.080098856993,-1.643281855746559
7.739278316497803,-209.5483212036826,-2106.5638938912734,150.54578322194072,-1.6447300484713239
7.747809171676636,-209.32184275110214,-2106.602573563309,151.07730835383822,-1.6435888850334195
7.7564027309417725,-209.34279498451204,-2106.629147190546,151.1321176594863,-1.6437813705387585
7.796887636184692,-209.41387592477508,-2106.6370664537553,151.0235237720129,-1.6442788577638037
7.796920537948608,-209.45685049214447,-2106.626306886546,151.2790215600059,-1.6449094524804875
7.796936988830566,-209.46102492072183,-2106.576716042678,151.5085462637714,-1.6449291276475813
7.805576801300049,-209.4172923639991,-2106.5808326941046,151.11074714942126,-1.643910003202383
7.814788818359375,-209.33996847803127,-2106.5875450299322,151.19132385481112,-1.6435413374831602
7.821401119232178,-209.45272618907143,-2106.586944096837,151.01126030061712,-1.6442108711881809
7.830483436584473,-209.41417052982723,-2106.5892461165563,151.08550271413432,-1.643750969046627
7.847003221511841,-209.64041644810527,-2106.575110695299,150.77620849788286,-1.6455175233847812
7.86177134513855,-209.36197039169767,-2106.5356010048067,151.10965800820716,-1.6434346582464094
7.861786365509033,-192.6841054862111,-2090.429425288064,132.1750359959616,-1.7284206141734662
7.86824893951416,-195.2642952299318,-2090.2152951377607,137.06755074984684,-1.7534449566916108
7.8850085735321045,-197.04735670251043,-2090.279820677145,140.19183257729574,-1.769823220501875
7.891543626785278,-198.24061822369674,-2090.2458184323214,142.05712025732333,-1.7810120550943793
7.933132171630859,-198.2401705537749,-2090.291682665178,142.05872090004567,-1.7809419997429576
7.9331629276275635,-198.3435441760408,-2090.255638303793,142.14638109508394,-1.782118350931244
7.933171987533569,-198.25600567083615,-2090.2621088688475,142.11608769342035,-1.7812232713621998
7.933205842971802,-198.2360580081856,-2090.28196653579,142.09715210091727,-1.7811737065745854
7.941719055175781,-198.22521388852377,-2090.2742813917466,142.03444101003427,-1.781095595801165
7.952542543411255,-192.58432659395353,-2090.3511112021397,131.82258104469707,-1.7276112628659732
7.963275194168091,-194.91868798863266,-2090.4014317731776,136.4732632364208,-1.7496285068462543
7.972252130508423,-196.89201616645767,-2090.2225023335814,139.81483050479426,-1.768344683286567
7.990371942520142,-198.12146451574657,-2090.274932976578,141.93149458432305,-1.7798746941780235
7.998866558074951,-198.32186396612457,-2090.3419680927464,142.20471855703877,-1.781722105585271
8.00210690498352,-198.29017461547474,-2090.3501405335937,142.02999481486054,-1.7814341002881893
8.008670091629028,-198.24621597230083,-2090.327142110506,142.09239204392307,-1.7809404148307948
8.021729469299316,-198.23001586834425,-2090.3573237915643,142.010994732813,-1.7808904085728612
8.028233289718628,-198.24792950204562,-2090.315486693086,142.05973507336154,-1.7810347854512527
8.04192852973938,-198.31037664861282,-2090.2858828881363,142.17713756532643,-1.7816228114190216
8.049530982971191,-192.60892666793666,-2090.4012250827027,132.26191179542494,-1.7281267683139372
8.063886404037476,-192.58857184194713,-2090.36686494738,132.0190984498413,-1.7277346682664616
8.07151985168457,-195.18180507065995,-2090.142602723839,136.91995862818888,-1.7530861061851384
8.08987021446228,-196.99574487804193,-2090.218486916093,140.08109418080602,-1.7695168812609996
8.093117475509644,-197.8541832727231,-2090.2911896525457,141.4238141440352,-1.7773996664022376
8.102466821670532,-198.28568387946643,-2090.2622559528763,142.12882406365128,-1.7813269411060693
8.109725713729858,-198.2623802734423,-2090.2678852938093,142.09784837339754,-1.7810939394830811
8.118266344070435,-198.26381495798304,-2090.277686208732,142.06219053705883,-1.7811918721991835
8.133253574371338,-198.2163974042951,-2090.3151188248894,142.18193465504768,-1.7806116042047013
8.148756980895996,-198.32121332453795,-2090.320043625731,142.1357086714717,-1.7816402777559426
8.148786544799805,-198.1909908783445,-2090.322813124315,142.0626783915732,-1.7804963385031456
8.161928415298462,-198.23962061023232,-2090.3160109565642,142.08889885057428,-1.7809064880697971
8.169360160827637,-198.3517636728678,-2090.280893931133,142.1626857058727,-1.7820329388482175
8.187103748321533,-198.22079704404874,-2090.3007744035367,142.05402402841966,-1.7812060085359156
8.19365668296814,-198.28545076214556,-2090.276880070065,142.18448442015568,-1.7814166478220979
8.200893640518188,-198.328924060971,-2090.2657583324954,142.177183228713,-1.7818177431827744
8.21063780784607,-198.28145806690077,-2090.254129175113,142.15338041116325,-1.781385351767413
8.22292685508728,-198.2124401290403,-2090.272043166556,142.11684803955322,-1.7806802862773445
8.234169960021973,-198.1939650350698,-2090.3079615557845,142.10335099994893,-1.7807595465063284
8.245915174484253,-198.30868680081588,-2090.2920955395775,142.21249070578583,-1.7815429540372094
8.249155282974243,-198.3005646540886,-2090.2858773318762,142.1413220002561,-1.7813249677126624
8.26445722579956,-198.2993746560482,-2090.2874480306127,142.2520251234355,-1.7814693110347866
8.27145791053772,-198.19460996141385,-2090.3202266924095,142.00942460984703,-1.780449726331827
8.279569864273071,-198.23027696812693,-2090.3074112569357,142.0074125343883,-1.7807669068497827
8.300114154815674,-198.17361199257417,-2090.3186538438163,142.10160261415555,-1.7802490132507984
8.300123929977417,-198.20338819633457,-2090.28639088856,142.11997369314014,-1.7807772932144108
8.316820621490479,-198.29902077056295,-2090.2835355118855,142.11522735188336,-1.781789721080294
8.32820749282837,-198.2361673157077,-2090.259986966128,141.9964798871516,-1.781089309936184
8.328232049942017,-198.35414124096482,-2090.2426133585677,142.19399848199922,-1.7821209297044653
8.349844932556152,-198.25412838048464,-2090.2643697732674,142.1155432161836,-1.7811950735133693
8.361729621887207,-198.21336406125948,-2090.2687190776032,142.00211157696276,-1.780742064850342
8.361755847930908,-198.2037148554736,-2090.26985485618,142.12858628427364,-1.7805503303469803
8.399082899093628,-198.23160474490322,-2090.2879639168927,142.09692486041624,-1.780771083048435
8.39911437034607,-198.26142008203576,-2090.288612883618,142.1937920779802,-1.7810071923002553
8.402362585067749,-198.26756527821405,-2090.3013827629406,142.0847134486051,-1.7810290945164318
8.402368068695068,-198.22494262071436,-2090.300826554468,142.05185381408165,-1.7806779968670277
8.41300106048584,-198.1881452535801,-2090.305782473266,142.02648059089083,-1.780170817560798
8.419513940811157,-198.2092835229846,-2090.291974198116,142.00424281288477,-1.7806298294834055
8.430858373641968,-198.22432653421885,-2090.32065781635,142.07352901995702,-1.78115082436347
8.450453758239746,-198.3040903501282,-2090.2670375943094,142.129684026542,-1.7818195100042509
8.453717947006226,-198.27971994573036,-2090.2543146284434,142.09933096251058,-1.7814166569714744
8.462785243988037,-198.27956470527917,-2090.2291438722064,142.21330821461095,-1.781317151935429
8.472481727600098,-198.19392191217136,-2090.2729928413396,142.02796550189117,-1.7806733176358926
8.48447585105896,-198.2960593906415,-2090.2510234118445,142.11413894235577,-1.7815324123784813
8.501203298568726,-198.33385505980766,-2090.255980896704,142.1155197018906,-1.781772845331884
8.501227378845215,-198.144462620301,-2090.2929048902065,142.02278713451034,-1.7800645419319385
8.509721279144287,-198.2924683395505,-2090.270767042315,142.15408057527995,-1.7810496655911465
8.51899528503418,-198.25699922144176,-2090.293587657913,142.09147314375605,-1.7811029066652206
8.530525922775269,-188.63077372888503,-1947.116988959392,239.35911446275082,2.0702413149897807
8.559650659561157,-192.67248496260788,-2090.399000289396,132.16181078906806,-1.7280707966277666
8.559706211090088,-195.26198745100464,-2090.1815388079976,137.0115360248024,-1.7535875981390596
8.562896966934204,-197.09758647412474,-2090.2423572297917,140.10954195650493,-1.770555358069085
8.576034784317017,-198.18999470882906,-2090.2402653187028,142.00561573139643,-1.780847838018414
8.586522817611694,-198.29340081248455,-2090.263374778696,142.175984376196,-1.781771124245957
8.611206769943237,-198.2378923725701,-2090.261007325321,142.05939000079516,-1.781209677525631
8.61124062538147,-198.26936507574806,-2090.235580454913,142.1023816619119,-1.7814474644646405
8.614455223083496,-198.21128382918536,-2090.2546729912942,142.06261057609515,-1.7807129424949137
8.621035814285278,-198.3451866377471,-2090.2320833446793,142.186934788386,-1.781999412880407
8.629512071609497,-198.34264678646264,-2090.2535110223253,142.18037101571437,-1.7818702796975523
8.638000726699829,-198.3027376314506,-2090.2719175803813,142.16529999919806,-1.7813015260515597
8.64922308921814,-198.25239120343528,-2090.303116681501,142.18440495880677,-1.7810624821515428
8.660489082336426,-198.32609242311986,-2090.2867391842683,142.12014110003483,-1.7817128354005538
8.670798778533936,-198.1750176732534,-2090.3296610769394,142.02897773239204,-1.7802017198229267
8.679058313369751,-198.27282950238484,-2090.2847473864967,142.03025709504436,-1.7812539697397058
8.701722145080566,-192.65078107043448,-2090.406926487439,132.19930390967323,-1.7282665557561157
8.711504220962524,-195.2297826792871,-2090.1798774614713,137.13632526508883,-1.7534433611161337
8.711535215377808,-197.08381752399066,-2090.213892889182,140.220207880832,-1.7704759591472097
8.720333099365234,-198.199185787208,-2090.237270452854,142.06683370434672,-1.7807069788619914
8.728264570236206,-198.21192876150076,-2090.246501609631,142.0646412893049,-1.7808026444557934
8.738881826400757,-198.20479532158913,-2090.251125429366,142.0226773501867,-1.780790853342945
8.749119997024536,-198.20888064740038,-2090.2548871418826,142.14043457906538,-1.780582122358059
8.758857488632202,-198.22220001220404,-2090.2839092339195,142.12673159278222,-1.7806667409824424
8.768954753875732,-198.1942553899059,-2090.290782840281,142.00854635946888,-1.780430279686696
8.779343128204346,-198.2588333477231,-2090.307550250052,142.06749773801613,-1.7811978349608228
8.792649984359741,-198.24402332656254,-2090.3110838797948,142.13193358597974,-1.7811854273200398
8.80574083328247,-198.23476482029122,-2090.3093113069126,142.01572009788543,-1.7807697389723018
8.814242124557495,-198.23467768135504,-2090.304621098853,142.10578050664125,-1.7809184529416255
8.817467451095581,-198.23422428605917,-2090.2847780527327,142.10515596540458,-1.7809772390879344
8.831422567367554,-198.30786253010587,-2090.253283577109,142.03991544208372,-1.7816697155540526
8.845219135284424,-198.25223871202627,-2090.2470255495527,142.00164166010927,-1.781008784712269
8.865167379379272,-198.20849548129823,-2090.268870888171,141.94905046555255,-1.780961854553687
8.865182399749756,-198.16473270922188,-2090.2733667746847,142.0612372652273,-1.780310062444201
8.868402242660522,-198.26074553411289,-2090.2372616884186,142.04603620252846,-1.7813002693382807
8.880728960037231,-198.177022730737,-2090.2780510400266,142.101361369454,-1.7802061227759396
8.890506029129028,-198.2892117698253,-2090.2582584250063,142.13745559141879,-1.781271461354415
8.912113189697266,-198.18480960455358,-2090.2927541574545,142.05177116932524,-1.7802859582009987
8.912132024765015,-198.1806099009876,-2090.2833493512194,142.05369018341884,-1.7803757560549467
8.919692277908325,-198.25320482398936,-2090.318256751256,142.0097189835763,-1.781127463599991
8.929486274719238,-198.2617654293645,-2090.301309322038,142.05638801064677,-1.7810105307166546
8.941149473190308,-198.28091816868587,-2090.287969838103,142.12027146052748,-1.781383543530937
8.951922178268433,-198.2529884173914,-2090.2903149546805,142.00443816229856,-1.7812656131357139
8.963355779647827,-192.6478531784728,-2090.3852047507794,132.18705397739728,-1.7283088451542843
8.979906797409058,-192.61775182004655,-2090.378388064873,132.2723625905991,-1.7281143541146382
8.979936122894287,-195.26302020709724,-2090.1269449813444,137.05504486478287,-1.753678518367734
8.99165940284729,-197.11851836003513,-2090.194815326155,140.17925547734507,-1.7708111714165524
9.002886772155762,-198.2195572807734,-2090.2572393445466,142.02877398277482,-1.78080923931193
9.016121625900269,-198.26363642114433,-2090.2566578352794,142.03712762132668,-1.7810411570015043
9.019392251968384,-198.2791256515409,-2090.26597240817,142.06240911546774,-1.7811784828906272
9.027918577194214,-198.29088203370145,-2090.2789616976097,142.22795891343367,-1.7813815011701306
9.043235778808594,-198.2651762733622,-2090.2647354954024,142.06748064845078,-1.7808851383138555
9.061381340026855,-198.27088264327904,-2090.294275343452,142.1256043815811,-1.7812014208198692
9.061402082443237,-198.28615922357935,-2090.3018887015874,142.14418549388228,-1.7814233180653467
9.070424318313599,-198.24622454727228,-2090.2901318968607,142.0624363173452,-1.7808347499955322
9.081991195678711,-192.5155102319169,-2090.3462395372526,131.73934274915092,-1.7267700494823794
9.10493779182434,-192.63849139338825,-2090.3920612389484,132.208967952096,-1.7282601377638276
9.114727258682251,-192.3815062948496,-2090.328568586226,131.6384188961509,-1.725717137195911
9.114732503890991,-194.99639202768785,-2090.128595039649,136.5879753410518,-1.7510496147244892
9.129308223724365,-196.91749661627674,-2090.1731360311724,139.83660216712218,-1.7688900233780411
9.132575511932373,-197.73842531435778,-2090.257769229788,141.07392334568112,-1.7760373321031557
9.144309997558594,-198.23512618039447,-2090.2595794004574,141.98741418958852,-1.7809172187260776
9.15088677406311,-198.2186529174068,-2090.2806373926105,142.10993388425084,-1.7807525858664508
9.159371137619019,-198.17753905451383,-2090.2849165007246,141.98652853019894,-1.7802275372733438
9.170265436172485,-198.19182683533091,-2090.332558471554,142.1000833167711,-1.7805398954033564
9.180174589157104,-198.30857564849677,-2090.3063973716608,142.1969247185206,-1.781579092789195
9.191021203994751,-188.57202893216225,-1947.1009572384735,239.35041473948792,2.069704368232231
9.201494932174683,-188.59231547856058,-1947.0742191290667,239.25139670566432,2.0692153649858764
9.214600563049316,-188.68404533648973,-1947.1297029049344,239.50356612267433,2.072504010095531
9.221327543258667,-188.7957460454802,-1947.0399975883272,239.32040535071772,2.0722424906289025
9.232077360153198,0.0,0.0,0.0,0.0
9.238635540008545,0.0,0.0,0.0,0.0
9.249805927276611,0.0,0.0,0.0,0.0
9.27008843421936,0.0,0.0,0.0,0.0
9.270112991333008,-211.01234035631077,-2113.316233427234,114.96399852223682,1.4074147437048603
9.280773401260376,-192.12487096778503,-2089.946993596979,131.38534072737127,-1.7196825627283376
9.296228408813477,-195.36765103461943,-2089.9164604060265,143.95736577828887,-1.7627387144740414
9.312913656234741,-197.07073644998718,-2089.8272196737344,147.43081651196064,-1.7790123840942496
9.312937259674072,-198.27753552506593,-2089.649193392651,150.27876187146643,-1.791273141620319
9.326873064041138,-198.3663629818057,-2089.68754444524,150.30674938233818,-1.7922340477329242
9.337431192398071,-198.35465747728324,-2089.6489463225134,150.55862847406306,-1.79239739698351
9.337482452392578,-198.36608751094164,-2089.694767447502,150.32044181909197,-1.7924781336072915
9.35214114189148,-192.57337385992022,-2090.402689812814,132.26926382864693,-1.727798101312396
9.372283697128296,-195.27127231327563,-2090.146251250186,137.0395756358199,-1.7536584101157293
9.372336626052856,-197.14291597644433,-2090.2002389603576,140.19125449251288,-1.7712021130742641
9.385621786117554,-198.27587150692173,-2090.199242294105,142.21282022225475,-1.7815856823693057
